sampledate;sampletime;depth;do_raw;do_sat;fdom;flag_do_raw
2017-09-29;15:18:00;0;9.45;106.5;10.37;
2017-09-29;15:20:00;2;9.49;107;10.35;
2017-09-29;15:22:00;4;9.43;106.3;10.39;
2017-09-29;15:24:00;6;9.4;105.9;10.42;
2017-09-29;15:26:00;8;9.33;105.1;10.46;
2017-09-29;15:34:00;9;8.91;100.1;10.57;
2017-09-29;15:36:00;10;3.11;33.7;12.46;
2017-09-29;15:38:00;11;1.24;13.3;12.83;
2017-09-29;15:40:00;12;0.41;4.3;13.72;
2017-09-29;15:42:00;13;0.37;3.8;14.91;
2017-09-29;15:44:00;14;0.36;3.6;16.18;
2017-09-29;15:46:00;15;0.36;3.4;16.89;
2017-09-29;15:48:00;16;0.35;3.3;17.26;
2017-09-29;15:50:00;17;0.35;3.3;17.41;
2017-09-29;15:52:00;18;0.35;3.2;17.55;
2017-09-29;15:54:00;19;0.34;3.2;17.65;
2017-09-29;15:56:00;20;0.34;3.1;17.74;
2017-09-29;15:58:00;21;0.33;3.1;17.86;
2017-09-29;16:00:00;22;0.33;3.1;17.89;
2017-10-20;15:40:00;0;8.34;85.3;11.52;
2017-10-20;15:42:00;2;8.29;84.7;11.67;
2017-10-20;15:44:00;4;8.19;83.6;11.73;
2017-10-20;15:46:00;6;7.56;76.7;12;
2017-10-20;15:48:00;8;7.34;74.4;12.02;
2017-10-20;15:50:00;10;7.17;72.6;12.05;
2017-10-20;15:52:00;12;7.08;71.7;12.06;
2017-10-20;15:54:00;14;6.91;70;12.07;
2017-10-20;15:56:00;15;6.78;68.6;12.08;
2017-10-20;15:58:00;16;6.64;67.2;12.1;
2017-10-20;16:00:00;17;0.7;6.7;16.3;
2017-10-20;16:02:00;18;0.47;4.4;17.48;
2017-10-20;16:04:00;19;0.42;3.9;17.56;
2017-10-20;16:07:00;20;0.39;3.6;17.59;
2017-10-20;16:09:00;21;0.38;3.5;17.64;
2017-10-20;16:11:00;22;0.37;3.5;17.76;
2017-10-29;15:35:00;0;6.56;62.5;13.04;
2017-10-29;15:37:00;1;6.56;62.5;13.03;
2017-10-29;15:39:00;2;6.56;62.5;13.03;
2017-10-29;15:41:00;3;6.51;62;13.06;
2017-10-29;15:43:00;4;6.53;62.2;13.04;
2017-10-29;15:45:00;5;6.49;61.8;13.07;
2017-10-29;15:47:00;6;6.49;61.8;13.07;
2017-10-29;15:49:00;7;6.48;61.7;13.08;
2017-10-29;15:51:00;8;6.5;61.8;13.07;
2017-10-29;15:53:00;9;6.49;61.7;13.09;
2017-10-29;15:55:00;10;6.49;61.7;13.09;
2017-10-29;15:57:00;11;6.5;61.8;13.1;
2017-10-29;15:59:00;12;6.57;62.4;13.15;
2017-10-29;16:01:00;13;6.61;62.8;13.15;
2017-10-29;16:03:00;14;6.66;63.3;13.14;
2017-10-29;16:05:00;15;6.71;63.7;13.14;
2017-10-29;16:07:00;16;6.86;65.1;13.15;
2017-10-29;16:09:00;17;6.96;66;13.15;
2017-10-29;16:11:00;18;7.04;66.7;13.15;
2017-10-29;16:13:00;19;7.05;66.7;13.17;
2017-10-29;16:15:00;20;7.01;66.3;13.2;
2017-10-29;16:17:00;21;6.96;65.8;13.22;
2017-10-29;16:19:00;22;6.89;65;13.25;
2017-11-03;15:39:00;0;8.23;75.4;13.31;
2017-11-03;15:41:00;1;8.16;74.9;13.34;
2017-11-03;15:43:00;2;8.12;74.5;13.37;
2017-11-03;15:45:00;3;8.09;74.2;13.39;
2017-11-03;15:47:00;4;8.01;73.4;13.43;
2017-11-03;15:49:00;5;7.99;73.3;13.44;
2017-11-03;15:51:00;6;7.96;73;13.45;
2017-11-03;15:53:00;7;7.9;72.4;13.48;
2017-11-03;15:55:00;8;7.86;72.1;13.49;
2017-11-03;15:57:00;9;7.78;71.3;13.52;
2017-11-03;15:59:00;10;7.71;70.6;13.53;
2017-11-03;16:01:00;11;7.71;70.6;13.53;
2017-11-03;16:03:00;12;7.7;70.5;13.53;
2017-11-03;16:05:00;13;7.71;70.6;13.55;
2017-11-03;16:07:00;14;7.71;70.6;13.54;
2017-11-03;16:09:00;15;7.74;70.9;13.54;
2017-11-03;16:11:00;16;7.73;70.8;13.54;
2017-11-03;16:13:00;17;7.74;70.9;13.54;
2017-11-03;16:15:00;18;7.74;70.9;13.54;
2017-11-03;16:17:00;19;7.74;70.9;13.54;
2017-11-03;16:19:00;20;7.73;70.8;13.54;
2017-11-03;16:21:00;21;7.73;70.8;13.54;
2017-11-03;16:23:00;22;7.76;71;13.53;
2017-11-10;15:33:00;0;9.47;82.3;13.61;
2017-11-10;15:35:00;1;9.46;82.2;13.64;
2017-11-10;15:37:00;2;9.46;82.2;13.65;
2017-11-10;15:39:00;3;9.44;82;13.65;
2017-11-10;15:41:00;4;9.43;82;13.66;
2017-11-10;15:43:00;5;9.45;82.1;13.66;
2017-11-10;15:45:00;6;9.43;82;13.66;
2017-11-10;15:47:00;7;9.43;82;13.66;
2017-11-10;15:49:00;8;9.43;82;13.66;
2017-11-10;15:51:00;9;9.41;81.8;13.67;
2017-11-10;15:53:00;10;9.43;81.9;13.66;
2017-11-10;15:55:00;11;9.42;81.9;13.67;
2017-11-10;15:57:00;12;9.41;81.8;13.68;
2017-11-10;15:59:00;13;9.42;81.9;13.67;
2017-11-10;16:01:00;14;9.41;81.8;13.68;
2017-11-10;16:03:00;15;9.38;81.5;13.7;
2017-11-10;16:05:00;16;9.39;81.6;13.69;
2017-11-10;16:07:00;17;9.4;81.7;13.69;
2017-11-10;16:10:00;18;9.34;81.1;13.73;
2017-11-10;16:12:00;19;9.36;81.1;13.72;
2017-11-10;16:14:00;20;9.36;81;13.72;
2017-11-10;16:16:00;21;9.34;80.9;13.74;
2017-11-10;16:18:00;22;9.51;82.2;13.67;
2017-11-22;11:36:00;0;10.75;87.4;13.71;
2017-11-22;11:38:00;1;10.8;87.8;13.83;
2017-11-22;11:40:00;2;10.8;87.8;13.95;
2017-11-22;11:42:00;3;10.8;87.7;14.02;
2017-11-22;11:44:00;4;10.78;87.4;14.06;
2017-11-22;11:46:00;5;10.77;87.4;14.06;
2017-11-22;11:48:00;6;10.77;87.4;14.06;
2017-11-22;11:50:00;7;10.77;87.3;14.06;
2017-11-22;11:52:00;8;10.76;87.3;14.07;
2017-11-22;11:54:00;9;10.76;87.2;14.08;
2017-11-22;11:57:00;10;10.76;87.2;14.08;
2017-11-22;11:59:00;11;10.76;87.2;14.08;
2017-11-22;12:01:00;12;10.76;87.2;14.08;
2017-11-22;12:03:00;13;10.76;87.2;14.09;
2017-11-22;12:05:00;14;10.76;87.2;14.09;
2017-11-22;12:07:00;15;10.77;87.2;14.1;
2017-11-22;12:09:00;16;10.78;87.2;14.1;
2017-11-22;12:11:00;17;10.79;87.3;14.1;
2017-11-22;12:13:00;18;10.79;87.3;14.09;
2017-11-22;12:15:00;19;10.79;87.2;14.1;
2017-11-22;12:17:00;20;10.79;87.3;14.1;
2017-11-22;12:19:00;21;10.79;87.3;14.1;
2017-11-22;12:21:00;22;10.78;87.2;14.1;
2017-12-01;15:08:00;0;10.79;86.6;13.33;
2017-12-01;15:10:00;1;10.82;86.9;13.51;
2017-12-01;15:12:00;2;10.84;87;13.54;
2017-12-01;15:14:00;3;10.84;86.9;13.54;
2017-12-01;15:16:00;4;10.84;87;13.53;
2017-12-01;15:18:00;5;10.84;87;13.54;
2017-12-01;15:20:00;6;10.85;87;13.55;
2017-12-01;15:22:00;7;10.84;87;13.55;
2017-12-01;15:24:00;8;10.83;86.9;13.55;
2017-12-01;15:29:00;9;10.78;86.4;13.61;
2017-12-01;15:27:00;10;10.79;86.5;13.61;
2017-12-01;15:31:00;11;10.77;86.3;13.62;
2017-12-01;15:33:00;12;10.77;86.3;13.63;
2017-12-01;15:35:00;13;10.77;86.3;13.62;
2017-12-01;15:37:00;14;10.76;86.3;13.63;
2017-12-01;15:39:00;15;10.76;86.2;13.64;
2017-12-01;15:41:00;16;10.76;86.2;13.64;
2017-12-01;15:43:00;17;10.76;86.3;13.62;
2017-12-01;15:45:00;18;10.76;86.3;13.63;
2017-12-01;15:47:00;19;10.75;86.2;13.64;
2017-12-01;15:49:00;20;10.75;86.1;13.65;
2017-12-01;15:51:00;21;10.75;86.1;13.65;
2017-12-01;15:53:00;22;10.74;85.9;13.63;
2018-01-11;12:04:00;1;13.33;94;12.91;
2018-01-11;12:06:00;2;13.48;94.6;13.12;
2018-01-11;12:39:00;3;13.44;94.2;13.22;
2018-01-11;12:08:00;4;13.49;94.7;13.19;
2018-01-11;12:10:00;6;13.5;94.7;13.19;
2018-01-11;12:12:00;8;13.66;95.8;13.22;
2018-01-11;12:14:00;10;13.55;95;13.27;
2018-01-11;12:16:00;12;13.22;93;13.29;
2018-01-11;12:18:00;14;12.78;90.2;13.3;
2018-01-11;12:20:00;16;12.32;87.4;13.29;
2018-01-11;12:22:00;17;12.09;86;13.28;
2018-01-11;12:24:00;18;11.65;83.3;13.25;
2018-01-11;12:26:00;19;11.02;79;13.28;
2018-01-11;12:28:00;20;10.13;72.9;13.41;
2018-01-11;12:30:00;21;7.81;56.8;13.64;
2018-01-11;12:32:00;22;7.49;54.5;13.88;
2018-01-11;12:34:00;23;8.05;58.6;13.95;
2018-01-26;13:55:00;1;13.84;98.4;12.78;
2018-01-26;13:57:00;2;13.87;98.7;12.95;
2018-01-26;13:59:00;4;13.89;98.7;12.95;
2018-01-26;14:01:00;6;13.95;99.1;12.95;
2018-01-26;14:03:00;8;13.96;99.1;12.95;
2018-01-26;14:05:00;10;13.71;97.3;13.01;
2018-01-26;14:07:00;12;12.89;91.6;13.21;
2018-01-26;14:09:00;14;13.3;94.8;13.18;
2018-01-26;14:11:00;16;13.13;94;13.21;
2018-01-26;14:13:00;17;12.33;88.5;13.32;
2018-01-26;14:15:00;18;12.03;86.5;13.37;
2018-01-26;14:17:00;19;10.36;74.9;13.59;
2018-01-26;14:19:00;20;8;58;13.87;
2018-01-26;14:21:00;21;5.64;41.1;14.22;
2018-01-26;14:23:00;22;6.06;44.3;14.28;
2018-01-26;14:25:00;23;6.88;50.6;14.08;
2018-02-02;14:20:00;1;14.55;104.3;12.86;
2018-02-02;14:22:00;2;14.6;104.6;12.86;
2018-02-02;14:24:00;4;14.61;104.7;12.85;
2018-02-02;14:26:00;6;14.64;104.9;12.87;
2018-02-02;14:28:00;8;14.66;105.1;12.84;
2018-02-02;14:30:00;10;14.65;105;12.87;
2018-02-02;14:32:00;12;14.66;105;12.87;
2018-02-02;14:34:00;14;14.63;104.8;12.88;
2018-02-02;14:36:00;16;13.14;94.4;13.16;
2018-02-02;14:38:00;17;11.92;86.2;13.52;
2018-02-02;14:40:00;18;9.65;70;13.71;
2018-02-02;14:42:00;19;6.55;47.9;13.99;
2018-02-02;14:44:00;20;4.22;30.9;14.17;
2018-02-02;14:46:00;21;5.04;36.9;14.18;
2018-02-02;14:48:00;22;5.73;42;14.12;
2018-02-02;14:50:00;23;4.25;31.4;14.68;
2018-02-23;14:56:00;1;14.57;104.8;12.28;
2018-02-23;14:58:00;2;14.72;106.5;12.89;
2018-02-23;15:00:00;3;14.73;106.7;13.14;
2018-02-23;15:02:00;4;14.79;107;13.16;
2018-02-23;15:04:00;5;14.82;107.1;13.15;
2018-02-23;15:06:00;6;14.81;107;13.18;
2018-02-23;15:08:00;8;14.84;107.1;13.18;
2018-02-23;15:10:00;10;14.54;104.9;13.34;
2018-02-23;15:12:00;12;13.5;97.5;13.42;
2018-02-23;15:14:00;14;12.67;91.7;13.68;
2018-02-23;15:16:00;15;11.59;84.1;13.84;
2018-02-23;15:18:00;16;10.54;76.6;15.08;
2018-02-23;15:20:00;17;9.18;67;16.49;
2018-02-23;15:22:00;18;7.15;52.3;15.97;
2018-02-23;15:24:00;19;6.69;48.9;18.35;
2018-02-23;15:26:00;20;7.76;56.7;16.76;
2018-02-23;15:28:00;21;6.74;49.6;14.38;
2018-02-23;15:30:00;22;4.84;35.8;14.06;
2018-02-23;15:32:00;23;2.75;20.4;14.4;
2018-02-26;15:20:00;1;14.23;103.8;12.94;
2018-02-26;15:22:00;2;14.5;105.7;13.13;
2018-02-26;15:24:00;3;14.59;106.1;13.17;
2018-02-26;15:26:00;4;14.48;105.3;13.26;
2018-02-26;15:28:00;5;14.52;105.5;13.25;
2018-02-26;15:30:00;6;14.56;105.7;13.26;
2018-02-26;15:32:00;8;14.59;106;13.24;
2018-02-26;15:34:00;10;14.31;104;13.43;
2018-02-26;15:36:00;12;12.57;91.2;14.36;
2018-02-26;15:38:00;14;11.67;84.7;14.22;
2018-02-26;15:40:00;15;10.14;73.8;13.97;
2018-02-26;15:42:00;16;8.24;60.1;14.03;
2018-02-26;15:44:00;17;6.19;45.3;14.28;
2018-02-26;15:46:00;18;5.55;40.7;16.04;
2018-02-26;15:48:00;19;4.26;31.2;16.19;
2018-02-26;15:50:00;20;3.98;29.2;15.85;
2018-02-26;15:52:00;21;5.74;42.2;15.16;
2018-02-26;15:54:00;22;5.48;40.4;14.21;
2018-02-26;15:56:00;23;3.33;24.7;14.51;
2018-02-26;15:58:00;24;1.66;12.4;15.01;
2018-04-02;15:25:00;0;13.28;99.6;14.29;
2018-04-02;15:27:00;1;13.44;100.8;14.49;
2018-04-02;15:29:00;2;13.47;101;14.54;
2018-04-02;15:33:00;3;13.49;101.1;14.57;
2018-04-02;15:35:00;4;13.45;100.8;14.59;
2018-04-02;15:37:00;5;13.46;100.9;14.6;
2018-04-02;15:39:00;6;13.48;101;14.59;
2018-04-02;15:41:00;7;13.44;100.7;14.61;
2018-04-02;15:43:00;8;13.48;101;14.6;
2018-04-02;15:45:00;9;13.44;100.7;14.63;
2018-04-02;15:47:00;10;13.48;101;14.61;
2018-04-02;15:49:00;11;13.43;100.6;14.64;
2018-04-02;15:51:00;12;13.41;100.5;14.65;
2018-04-02;15:53:00;13;13.37;100.2;14.69;
2018-04-02;15:55:00;14;13.31;99.7;14.7;
2018-04-02;15:57:00;15;13.38;100.2;14.68;
2018-04-02;15:59:00;16;13.3;99.6;14.7;
2018-04-02;16:01:00;17;13.24;99.3;14.74;
2018-04-02;16:03:00;18;12.87;96.6;14.83;
2018-04-02;16:05:00;19;12.87;96.6;14.86;
2018-04-02;16:07:00;20;12.25;92.1;15.07;
2018-04-02;16:09:00;21;12.94;97.1;14.84;
2018-04-02;16:11:00;22;11.7;88;15.26;
2018-04-02;16:13:00;23;11.61;87.3;15.3;
2018-04-11;16:29:00;0;14.42;108.8;13.86;
2018-04-11;16:31:00;1;14.44;108.9;13.86;
2018-04-11;16:33:00;2;14.5;109.4;13.85;
2018-04-11;16:35:00;3;14.55;109.9;13.84;
2018-04-11;16:37:00;4;14.5;109.5;13.85;
2018-04-11;16:39:00;5;14.45;109;13.86;
2018-04-11;16:41:00;6;14.4;108.6;13.88;
2018-04-11;16:45:00;7;14.43;108.8;13.87;
2018-04-11;16:47:00;8;14.44;108.9;13.87;
2018-04-11;16:49:00;9;14.41;108.7;13.88;
2018-04-11;16:51:00;10;14.45;109;13.87;
2018-04-11;16:53:00;11;14.41;108.7;13.87;
2018-04-11;16:55:00;12;14.38;108.5;13.87;
2018-04-11;16:57:00;13;14.42;108.8;13.87;
2018-04-11;16:59:00;14;14.39;108.6;13.88;
2018-04-11;17:01:00;15;14.43;108.9;13.86;
2018-04-11;17:03:00;16;14.45;109.1;13.87;
2018-04-11;17:05:00;17;14.45;109.1;13.86;
2018-04-11;17:07:00;18;14.4;108.7;13.87;
2018-04-11;17:09:00;19;14.41;108.8;13.87;
2018-04-11;17:11:00;20;14.44;109.1;13.87;
2018-04-11;17:13:00;21;14.44;109.1;13.86;
2018-04-11;17:15:00;22;14.47;109.4;13.86;
2018-04-11;17:17:00;23;14.46;109.3;13.86;
2018-04-20;13:46:00;0;12.56;95.8;13.4;
2018-04-20;13:48:00;1;12.7;96.2;13.71;
2018-04-20;13:50:00;2;12.76;96.7;13.71;
2018-04-20;13:52:00;3;12.79;96.8;13.74;
2018-04-20;13:54:00;4;12.78;96.5;13.77;
2018-04-20;13:56:00;5;12.73;96.1;13.82;
2018-04-20;13:58:00;6;12.75;96.3;13.82;
2018-04-20;14:00:00;7;12.72;96.1;13.82;
2018-04-20;14:02:00;8;12.71;96;13.82;
2018-04-20;14:04:00;9;12.74;96.2;13.83;
2018-04-20;14:06:00;10;12.73;96.1;13.83;
2018-04-20;14:08:00;11;12.75;96.2;13.81;
2018-04-20;14:10:00;12;12.75;96.1;13.85;
2018-04-20;14:12:00;13;12.74;96.1;13.85;
2018-04-20;14:14:00;14;12.73;96.2;13.84;
2018-04-20;14:16:00;15;12.71;96.1;13.85;
2018-04-20;14:18:00;16;12.69;95.9;13.85;
2018-04-20;14:20:00;17;12.68;95.9;13.85;
2018-04-20;14:22:00;18;12.69;95.9;13.85;
2018-04-20;14:24:00;19;12.66;95.7;13.86;
2018-04-20;14:26:00;20;12.66;95.7;13.86;
2018-04-20;14:28:00;21;12.66;95.7;13.86;
2018-04-20;14:30:00;22;12.65;95.7;13.85;
2018-04-20;14:32:00;23;12.64;95.7;13.86;
2018-04-25;15:46:00;0;13.03;105.9;12.67;
2018-04-25;15:48:00;1;13.18;106.5;12.87;
2018-04-25;15:50:00;2;13.23;106.4;13.01;
2018-04-25;15:52:00;3;13.16;104.5;13.3;
2018-04-25;15:54:00;4;12.99;102.6;13.42;
2018-04-25;15:56:00;5;12.73;100.3;13.48;
2018-04-25;15:58:00;6;12.62;99.4;13.52;
2018-04-25;16:00:00;7;12.6;99.1;13.54;
2018-04-25;16:02:00;8;12.56;98.6;13.58;
2018-04-25;16:04:00;9;12.53;98.2;13.61;
2018-04-25;16:06:00;10;12.49;97.8;13.64;
2018-04-25;16:08:00;11;12.47;97.5;13.64;
2018-04-25;16:10:00;12;12.48;97.4;13.67;
2018-04-25;16:12:00;13;12.46;97.2;13.68;
2018-04-25;16:14:00;14;12.43;96.9;13.7;
2018-04-25;16:16:00;15;12.38;96.4;13.73;
2018-04-25;16:18:00;16;12.22;94.8;13.81;
2018-04-25;16:20:00;17;11.96;92.1;13.9;
2018-04-25;16:22:00;18;11.88;91.2;13.92;
2018-04-25;16:24:00;19;11.82;90.7;13.95;
2018-04-25;16:26:00;20;11.79;90.3;13.97;
2018-04-25;16:28:00;21;11.72;89.6;13.96;
2018-04-25;16:30:00;22;11.67;89.2;13.97;
2018-04-25;16:32:00;23;11.44;87.4;13.99;
2018-05-04;14:31:00;0;12.69;112.1;12.23;
2018-05-04;14:33:00;1;12.88;113.2;12.42;
2018-05-04;14:35:00;2;12.92;112.1;12.68;
2018-05-04;14:37:00;3;12.9;111.6;12.74;
2018-05-04;14:39:00;4;12.66;108.6;12.91;
2018-05-04;14:41:00;5;12.38;105.8;13;
2018-05-04;14:43:00;6;12.45;106.2;13.02;
2018-05-04;14:45:00;7;12.2;103.9;13.08;
2018-05-04;14:47:00;8;12.09;102.7;13.09;
2018-05-04;14:49:00;9;11.97;101.4;13.15;
2018-05-04;14:51:00;10;11.9;100.4;13.2;
2018-05-04;14:53:00;11;11.88;100.1;13.22;
2018-05-04;14:55:00;12;11.85;99.8;13.23;
2018-05-04;14:57:00;13;11.82;99.3;13.25;
2018-05-04;14:59:00;14;11.78;98.6;13.29;
2018-05-04;15:01:00;15;11.73;97.8;13.33;
2018-05-04;15:03:00;16;11.48;94.3;13.45;
2018-05-04;15:05:00;17;11.15;90.5;13.56;
2018-05-04;15:07:00;18;11.06;89.6;13.6;
2018-05-04;15:09:00;19;10.95;88.5;13.64;
2018-05-04;15:11:00;20;10.86;87.6;13.67;
2018-05-04;15:13:00;21;10.78;86.9;13.68;
2018-05-04;15:15:00;22;10.67;85.9;13.71;
2018-05-04;15:17:00;23;10.49;84.1;13.77;
2018-05-07;11:03:00;0;14.89;144.9;11.96;
2018-05-07;11:05:00;1;15.97;150.2;12.58;
2018-05-07;11:07:00;2;15.78;147.1;12.67;
2018-05-07;11:09:00;3;13.71;125.6;13.09;
2018-05-07;11:11:00;4;12.9;117.3;13.17;
2018-05-07;11:13:00;5;12.28;110.1;13.33;
2018-05-07;11:15:00;6;11.55;100.7;13.36;
2018-05-07;11:17:00;7;11.52;99.2;13.25;
2018-05-07;11:19:00;8;11.29;96.5;13.3;
2018-05-07;11:21:00;9;11.27;96;13.32;
2018-05-07;11:23:00;10;11.24;95.4;13.33;
2018-05-07;11:25:00;11;11.22;95;13.35;
2018-05-07;11:27:00;12;11.22;94.8;13.38;
2018-05-07;11:29:00;13;11.19;94.2;13.43;
2018-05-07;11:31:00;14;11.19;94;13.47;
2018-05-07;11:33:00;15;10.98;91.2;13.55;
2018-05-07;11:35:00;16;10.91;90.4;13.59;
2018-05-07;11:37:00;17;10.84;89.3;13.62;
2018-05-07;11:39:00;18;10.51;85.6;13.73;
2018-05-07;11:41:00;19;10.33;83.9;13.78;
2018-05-07;11:43:00;20;10.32;83.7;13.8;
2018-05-07;11:45:00;21;10.25;83.1;13.81;
2018-05-07;11:47:00;22;10.2;82.6;13.83;
2018-05-07;11:49:00;23;10.05;81.3;13.84;
2018-05-24;10:26:00;0;9.6;101.6;13.74;
2018-05-24;10:28:00;1;9.6;99.8;14.02;
2018-05-24;10:30:00;2;9.72;96.4;13.95;
2018-05-24;10:32:00;3;9.45;93;14.09;
2018-05-24;10:34:00;4;9.13;89;14.05;
2018-05-24;10:36:00;5;8.88;86;14.02;
2018-05-24;10:38:00;6;8.59;82.7;14.03;
2018-05-24;10:40:00;7;8.33;79.4;14.01;
2018-05-24;10:42:00;8;8.07;74.5;14.01;
2018-05-24;10:44:00;9;7.91;71.7;14.15;
2018-05-24;10:46:00;10;7.75;69.1;14.2;
2018-05-24;10:48:00;11;7.51;65.9;14.23;
2018-05-24;10:50:00;12;7.82;68.2;14.24;
2018-05-24;10:52:00;13;7.67;66.7;14.27;
2018-05-24;10:54:00;14;8.07;68.9;14.21;
2018-05-24;10:56:00;15;7.39;62.6;14.26;
2018-05-24;10:58:00;16;7.42;62.7;14.27;
2018-05-24;11:00:00;17;7.39;62.2;14.27;
2018-05-24;11:02:00;18;7.04;59;14.3;
2018-05-24;11:04:00;19;6.84;57.1;14.3;
2018-05-24;11:06:00;20;6.71;55.9;14.31;
2018-05-24;11:08:00;21;6.66;55.5;14.31;
2018-05-24;11:10:00;22;6.7;55.7;14.3;
2018-05-24;11:12:00;23;6.33;52.6;14.28;
2018-06-01;10:42:00;0;13;153.8;13.42;
2018-06-01;10:44:00;1;13.14;155.5;13.41;
2018-06-01;10:46:00;2;13.13;155.2;13.41;
2018-06-01;10:48:00;3;12.77;150.6;13.63;
2018-06-01;10:50:00;4;7.73;83.4;14.56;
2018-06-01;10:52:00;5;7.51;74.7;14.87;
2018-06-01;10:54:00;6;7.44;71.8;14.76;
2018-06-01;10:56:00;7;7.16;67.7;14.69;
2018-06-01;10:58:00;8;7.09;66.6;14.7;
2018-06-01;11:00:00;9;7.01;64.7;14.68;
2018-06-01;11:02:00;10;7.1;64.3;14.62;
2018-06-01;11:04:00;11;6.95;61.3;14.51;
2018-06-01;11:06:00;12;7.04;61.5;14.52;
2018-06-01;11:08:00;13;7.15;62;14.49;
2018-06-01;11:10:00;14;5.65;48.8;14.49;
2018-06-01;11:12:00;15;6.16;53.1;14.42;
2018-06-01;11:14:00;16;5.87;50.2;14.42;
2018-06-01;11:16:00;17;6.43;54.6;14.38;
2018-06-01;11:18:00;18;6.67;56.5;14.37;
2018-06-01;11:20:00;19;5.71;48.2;14.42;
2018-06-01;11:22:00;20;4.58;38.3;14.48;
2018-06-01;11:24:00;21;4.53;37.9;14.48;
2018-06-01;11:26:00;22;4.46;37.3;14.48;
2018-06-01;11:28:00;23;3.7;30.8;14.46;
2018-06-05;10:38:00;0;11.06;123.4;13.19;
2018-06-05;10:40:00;1;11.13;123.8;13.46;
2018-06-05;10:42:00;2;10.9;121.1;13.56;
2018-06-05;10:44:00;3;10.55;117;13.65;
2018-06-05;10:46:00;4;10.27;113.4;13.77;
2018-06-05;10:48:00;5;8.23;84.6;13.99;
2018-06-05;10:50:00;6;7.44;73.2;14.3;
2018-06-05;10:52:00;7;7.27;70.5;14.38;
2018-06-05;10:54:00;8;6.6;60.9;14.62;
2018-06-05;10:56:00;9;6.25;56.4;14.67;
2018-06-05;10:58:00;10;6.18;54.7;14.63;
2018-06-05;11:00:00;11;5.92;52;14.62;
2018-06-05;11:02:00;12;5.92;51.4;14.55;
2018-06-05;11:04:00;13;5.15;44.5;14.54;
2018-06-05;11:06:00;14;5.28;45.4;14.51;
2018-06-05;11:08:00;15;5.59;47.7;14.45;
2018-06-05;11:10:00;16;5.5;46.7;14.46;
2018-06-05;11:12:00;17;4.93;41.6;14.48;
2018-06-05;11:14:00;18;4.02;33.8;14.5;
2018-06-05;11:16:00;19;3.24;27.1;14.53;
2018-06-05;11:18:00;20;3;25.1;14.55;
2018-06-05;11:20:00;21;2.7;22.5;14.61;
2018-06-05;11:22:00;22;2.57;21.4;14.62;
2018-06-12;10:43:00;0;7.58;84.2;15.82;
2018-06-12;10:45:00;1;7.54;83.3;16.27;
2018-06-12;10:47:00;2;7.5;82.7;16.62;
2018-06-12;10:49:00;3;7.5;82.6;16.67;
2018-06-12;10:51:00;4;7.54;82.8;16.59;
2018-06-12;10:53:00;5;7.7;84.1;16.05;
2018-06-12;10:55:00;6;7.69;83.7;15.91;
2018-06-12;10:57:00;7;6.32;64.3;14.98;
2018-06-12;10:59:00;8;5.59;54.5;14.8;
2018-06-12;11:01:00;9;5.09;47.9;14.82;
2018-06-12;11:03:00;10;4.38;39.7;14.82;
2018-06-12;11:05:00;11;4.02;35.8;14.78;
2018-06-12;11:07:00;12;3.65;32;14.74;
2018-06-12;11:09:00;13;3.48;30.4;14.75;
2018-06-12;11:11:00;14;3.52;30.4;14.68;
2018-06-12;11:13:00;15;3.41;29.3;14.65;
2018-06-12;11:15:00;16;3.03;25.7;14.69;
2018-06-12;11:17:00;17;2.2;18.6;14.79;
2018-06-12;11:19:00;18;1.28;10.8;14.85;
2018-06-12;11:21:00;19;0.77;6.5;14.88;
2018-06-12;11:23:00;20;0.6;5;14.88;
2018-06-12;11:25:00;21;0.56;4.7;14.88;
2018-06-12;11:27:00;22;0.37;3.1;14.89;
2018-06-12;11:29:00;23;0.23;2;14.92;
2018-06-21;09:47:00;0;8.3;95.4;12.77;
2018-06-21;09:49:00;1;8.3;95.4;12.76;
2018-06-21;09:51:00;2;8.3;95.4;12.77;
2018-06-21;09:53:00;3;8.3;95.5;12.75;
2018-06-21;09:55:00;4;8.3;95.5;12.76;
2018-06-21;09:57:00;5;8.31;95.6;12.74;
2018-06-21;09:59:00;6;8.3;95.4;12.76;
2018-06-21;10:01:00;7;6.22;69;14;
2018-06-21;10:03:00;8;4.85;49.4;15.02;
2018-06-21;10:05:00;9;3.99;37.5;14.99;
2018-06-21;10:07:00;10;3.69;33.8;15.02;
2018-06-21;10:09:00;11;3.09;27.7;15;
2018-06-21;10:11:00;12;3.01;26.7;15.01;
2018-06-21;10:13:00;13;2.55;22.4;15;
2018-06-21;10:15:00;14;2.43;21.2;14.96;
2018-06-21;10:17:00;15;2.04;17.6;15.01;
2018-06-21;10:19:00;16;1.58;13.5;15.05;
2018-06-21;10:21:00;17;0.45;3.8;15.2;
2018-06-21;10:23:00;18;0.04;0.3;15.24;
2018-06-21;10:25:00;19;-0.09;-0.7;15.28;H
2018-06-21;10:27:00;20;-0.1;-0.9;15.34;H
2018-06-21;10:29:00;21;-0.11;-0.9;15.39;H
2018-06-21;10:31:00;22;-0.12;-1;15.46;H
2018-06-21;10:33:00;23;-0.12;-1;15.47;H
2018-06-28;10:24:00;0;14.15;168.8;12.03;
2018-06-28;10:26:00;1;13.47;157.5;12.69;
2018-06-28;10:28:00;2;11.29;131.1;13.08;
2018-06-28;10:30:00;3;10.93;126.6;13.02;
2018-06-28;10:32:00;4;10.75;124.1;13.07;
2018-06-28;10:34:00;5;10.13;116.1;13.19;
2018-06-28;10:36:00;6;8.72;99.1;13.11;
2018-06-28;10:38:00;7;7.88;89;13.22;
2018-06-28;10:40:00;8;5.53;60.6;13.8;
2018-06-28;10:42:00;9;2.59;24.6;14.98;
2018-06-28;10:44:00;10;2.24;20.3;15.13;
2018-06-28;10:46:00;11;2.17;19.3;15.11;
2018-06-28;10:48:00;12;1.88;16.6;15.18;
2018-06-28;10:50:00;13;1.24;10.9;15.27;
2018-06-28;10:52:00;14;1.39;12.1;15.19;
2018-06-28;10:54:00;15;0.98;8.4;15.21;
2018-06-28;10:56:00;16;0.4;3.5;15.29;
2018-06-28;10:58:00;17;0.2;1.7;15.31;
2018-06-28;11:00:00;18;0.05;0.4;15.36;
2018-06-28;11:02:00;19;-0.04;-0.4;15.43;H
2018-06-28;11:04:00;20;-0.08;-0.7;15.52;H
2018-06-28;11:06:00;21;-0.08;-0.7;15.53;H
2018-06-28;11:08:00;22;-0.09;-0.7;15.54;H
2018-06-28;11:10:00;23;-0.09;-0.8;15.56;H
2018-07-06;10:18:00;0;11.91;147.7;11.72;
2018-07-06;10:20:00;1;11.98;148.5;11.71;
2018-07-06;10:22:00;2;11.97;148.4;11.75;
2018-07-06;10:24:00;3;11.9;147.4;11.78;
2018-07-06;10:26:00;4;6.24;73.2;13.56;
2018-07-06;10:28:00;5;4.39;49.8;14.07;
2018-07-06;10:30:00;6;4.22;47.6;14.06;
2018-07-06;10:32:00;7;3.37;37.3;14.2;
2018-07-06;10:34:00;8;2.1;21.9;14.54;
2018-07-06;10:36:00;9;1.63;16.4;14.78;
2018-07-06;10:38:00;10;1.05;10.2;15.13;
2018-07-06;10:40:00;11;0.75;6.9;15.23;
2018-07-06;10:42:00;12;0.21;1.9;15.24;
2018-07-06;10:44:00;13;0.13;1.1;15.2;
2018-07-06;10:46:00;14;-0.05;-0.4;15.26;H
2018-07-06;10:48:00;15;-0.02;-0.2;15.29;H
2018-07-06;10:50:00;16;-0.08;-0.7;15.5;H
2018-07-06;10:52:00;17;-0.09;-0.8;15.54;H
2018-07-06;10:54:00;18;-0.09;-0.8;15.55;H
2018-07-06;10:56:00;19;-0.1;-0.8;15.56;H
2018-07-06;10:58:00;20;-0.1;-0.8;15.56;H
2018-07-06;11:00:00;21;-0.1;-0.9;15.57;H
2018-07-06;11:02:00;22;-0.1;-0.9;15.57;H
2018-07-11;10:43:00;0;12.94;162;10.4;
2018-07-11;10:45:00;1;13.22;164.8;10.72;
2018-07-11;10:47:00;2;13.03;162;10.9;
2018-07-11;10:49:00;3;12.44;154.2;11.09;
2018-07-11;10:51:00;4;11.65;144.1;11.41;
2018-07-11;10:53:00;5;7.85;95.3;12.19;
2018-07-11;10:55:00;6;2.42;27.6;14.01;
2018-07-11;10:57:00;7;1.45;15.8;14.31;
2018-07-11;10:59:00;8;0.76;7.9;14.62;
2018-07-11;11:01:00;9;0.52;5.2;14.89;
2018-07-11;11:03:00;10;0.28;2.6;15.07;
2018-07-11;11:05:00;11;0.39;3.6;15.11;
2018-07-11;11:07:00;12;0.29;2.6;15.13;
2018-07-11;11:09:00;13;-0.02;-0.2;15.51;H
2018-07-11;11:11:00;14;-0.05;-0.4;15.46;H
2018-07-11;11:13:00;15;-0.06;-0.5;15.48;H
2018-07-11;11:15:00;16;-0.07;-0.6;15.46;H
2018-07-11;11:17:00;17;-0.07;-0.6;15.53;H
2018-07-11;11:19:00;18;-0.08;-0.7;15.54;H
2018-07-11;11:21:00;19;-0.08;-0.7;15.55;H
2018-07-11;11:23:00;20;-0.09;-0.7;15.55;H
2018-07-11;11:25:00;21;-0.09;-0.8;15.54;H
2018-07-11;11:27:00;22;-0.09;-0.8;15.54;H
2018-07-11;11:29:00;23;-0.09;-0.8;15.54;H
2018-07-17;10:35:00;0;11.21;141.1;9.89;
2018-07-17;10:37:00;1;11.25;141.7;9.91;
2018-07-17;10:39:00;2;10.9;137;10.19;
2018-07-17;10:41:00;3;10.5;131.7;10.28;
2018-07-17;10:43:00;4;10.43;130.7;10.32;
2018-07-17;10:45:00;5;10.43;130.6;10.33;
2018-07-17;10:47:00;6;4.25;51.2;12.12;
2018-07-17;10:49:00;7;0.18;2;14.36;
2018-07-17;10:51:00;8;0.06;0.6;14.88;
2018-07-17;10:53:00;9;0.02;0.2;15.12;
2018-07-17;10:55:00;10;-0.01;-0.1;15.16;H
2018-07-17;10:57:00;11;-0.03;-0.2;15.38;H
2018-07-17;10:59:00;12;-0.04;-0.3;15.37;H
2018-07-17;11:01:00;13;-0.05;-0.4;15.55;H
2018-07-17;11:03:00;14;-0.06;-0.5;15.51;H
2018-07-17;11:05:00;15;-0.07;-0.6;15.52;H
2018-07-17;11:07:00;16;-0.07;-0.6;15.52;H
2018-07-17;11:09:00;17;-0.08;-0.7;15.55;H
2018-07-17;11:11:00;18;-0.08;-0.7;15.55;H
2018-07-17;11:13:00;19;-0.09;-0.7;15.6;H
2018-07-17;11:15:00;20;-0.09;-0.8;15.58;H
2018-07-17;11:17:00;21;-0.09;-0.8;15.6;H
2018-07-24;11:33:00;0;9.49;113.5;10.78;
2018-07-24;11:35:00;1;9.51;113.8;10.87;
2018-07-24;11:37:00;2;9.52;113.8;10.96;
2018-07-24;11:39:00;3;9.42;112.3;11.09;
2018-07-24;11:41:00;4;9.25;110.1;11.17;
2018-07-24;11:43:00;5;8.93;106;11.23;
2018-07-24;11:45:00;6;8.81;104.6;11.26;
2018-07-24;11:47:00;7;8.68;102.9;11.31;
2018-07-24;11:49:00;8;8.44;99.9;11.37;
2018-07-24;11:51:00;9;0.27;2.8;14.87;
2018-07-24;11:53:00;10;0.08;0.8;15.3;
2018-07-24;11:55:00;11;0.03;0.3;15.47;
2018-07-24;11:57:00;12;0;0;15.53;
2018-07-24;11:59:00;13;-0.01;-0.1;15.56;H
2018-07-24;12:01:00;14;-0.02;-0.2;15.56;H
2018-07-24;12:03:00;15;-0.03;-0.3;15.54;H
2018-07-24;12:05:00;16;-0.04;-0.3;15.53;H
2018-07-24;12:07:00;17;-0.05;-0.4;15.54;H
2018-07-24;12:09:00;18;-0.05;-0.4;15.57;H
2018-08-01;10:28:00;0;12.34;149.4;9.74;
2018-08-01;10:30:00;1;12.6;151.8;9.92;
2018-08-01;10:32:00;2;12.46;149.7;10.21;
2018-08-01;10:34:00;3;11.78;140.5;10.8;
2018-08-01;10:36:00;4;10.71;127.4;11.09;
2018-08-01;10:38:00;5;8.17;96.6;11.52;
2018-08-01;10:40:00;6;7.71;90.5;11.8;
2018-08-01;10:42:00;7;7.65;89.1;12;
2018-08-01;10:44:00;8;0.8;8.9;13.9;
2018-08-01;10:46:00;9;0.13;1.4;14.71;
2018-08-01;10:48:00;10;0.04;0.4;15.27;
2018-08-01;10:50:00;11;0.01;0.1;15.5;
2018-08-01;10:52:00;12;0;0;15.57;
2018-08-01;10:54:00;13;-0.02;-0.2;15.6;H
2018-08-01;10:56:00;14;-0.04;-0.3;15.63;H
2018-08-01;10:58:00;15;-0.04;-0.3;15.63;H
2018-08-01;11:00:00;16;-0.04;-0.4;15.62;H
2018-08-01;11:02:00;17;-0.05;-0.4;15.61;H
2018-08-01;11:04:00;18;-0.06;-0.5;15.67;H
2018-08-01;11:06:00;19;-0.06;-0.5;15.77;H
2018-08-01;11:08:00;20;-0.06;-0.6;15.99;H
2018-08-01;11:10:00;21;-0.07;-0.6;16.22;H
2018-08-01;11:12:00;22;-0.07;-0.6;16.25;H
2018-08-01;11:14:00;23;-0.07;-0.6;16.34;H
2018-08-08;10:31:00;0;10.28;123.4;9.82;
2018-08-08;10:36:00;1;10.27;123.1;9.99;
2018-08-08;10:38:00;2;10.19;122;10.11;
2018-08-08;10:40:00;3;10.08;120.6;10.17;
2018-08-08;10:42:00;4;9.38;111.9;10.54;
2018-08-08;10:44:00;5;8.4;99.8;11.08;
2018-08-08;10:46:00;6;8.21;97.4;11.13;
2018-08-08;10:48:00;7;6.62;77.8;11.56;
2018-08-08;10:50:00;8;2.37;27;12.71;
2018-08-08;10:52:00;9;0.21;2.2;14.66;
2018-08-08;10:54:00;10;0.05;0.5;15.34;
2018-08-08;10:56:00;11;0.02;0.2;15.52;
2018-08-08;10:58:00;12;0;0;15.57;
2018-08-08;11:00:00;13;-0.01;-0.1;15.61;H
2018-08-08;11:02:00;14;-0.03;-0.2;15.65;H
2018-08-08;11:04:00;15;-0.03;-0.3;15.65;H
2018-08-08;11:06:00;16;-0.04;-0.3;15.69;H
2018-08-08;11:08:00;17;-0.04;-0.4;15.83;H
2018-08-08;11:10:00;18;-0.05;-0.4;16.04;H
2018-08-08;11:12:00;19;-0.05;-0.4;16.23;H
2018-08-08;11:14:00;20;-0.06;-0.5;16.3;H
2018-08-08;11:16:00;21;-0.06;-0.5;16.36;H
2018-08-08;11:18:00;22;-0.06;-0.5;16.51;H
2018-08-16;10:01:00;0;10.62;132;8.78;
2018-08-16;10:03:00;1;10.66;132.6;8.74;
2018-08-16;10:05:00;2;10.7;133;8.81;
2018-08-16;10:07:00;3;10.68;132.4;8.92;
2018-08-16;10:09:00;4;9.91;119.6;10.9;
2018-08-16;10:11:00;5;7.46;88.6;11.36;
2018-08-16;10:13:00;6;4.54;53.4;11.89;
2018-08-16;10:15:00;7;2.5;29.1;12.15;
2018-08-16;10:17:00;8;0.2;2.3;12.69;
2018-08-16;10:19:00;9;0.09;1;14.25;
2018-08-16;10:21:00;10;0.04;0.4;15.3;
2018-08-16;10:23:00;11;0.01;0.1;15.54;
2018-08-16;10:25:00;12;-0.01;-0.1;15.62;H
2018-08-16;10:27:00;13;-0.02;-0.2;15.64;H
2018-08-16;10:29:00;14;-0.02;-0.2;15.73;H
2018-08-16;10:31:00;15;-0.03;-0.2;15.77;H
2018-08-16;10:33:00;16;-0.03;-0.3;15.93;H
2018-08-16;10:35:00;17;-0.04;-0.4;15.72;H
2018-08-16;10:37:00;18;-0.05;-0.4;15.87;H
2018-08-16;10:39:00;19;-0.05;-0.4;16.42;H
2018-08-16;10:41:00;20;-0.05;-0.5;16.57;H
2018-08-16;10:43:00;21;-0.05;-0.5;16.69;H
2018-08-16;10:45:00;22;-0.06;-0.5;16.79;H
2018-08-16;10:47:00;23;-0.06;-0.5;16.89;H
2018-08-23;11:13:00;0;8.68;102.3;9.84;
2018-08-23;11:15:00;1;8.68;102.2;9.91;
2018-08-23;11:17:00;2;8.46;99.2;10.21;
2018-08-23;11:19:00;3;8.19;96;10.24;
2018-08-23;11:21:00;4;8.11;95;10.23;
2018-08-23;11:23:00;5;8.07;94.6;10.23;
2018-08-23;11:25:00;6;7.86;92;10.38;
2018-08-23;11:27:00;7;7.72;90.2;10.51;
2018-08-23;11:29:00;8;7.7;89.9;10.5;
2018-08-23;11:31:00;9;7.45;86.4;10.53;
2018-08-23;11:33:00;10;0.29;3;14.41;
2018-08-23;11:35:00;11;0.11;1;15.07;
2018-08-23;11:37:00;12;0.06;0.5;15.54;
2018-08-23;11:39:00;13;0.03;0.3;15.66;
2018-08-23;11:41:00;14;0.01;0.1;15.75;
2018-08-23;11:43:00;15;0;0;15.82;
2018-08-23;11:45:00;16;-0.01;-0.1;15.78;H
2018-08-23;11:47:00;17;-0.02;-0.2;16.23;H
2018-08-23;11:49:00;18;-0.02;-0.2;16.39;H
2018-08-23;11:51:00;19;-0.03;-0.2;16.43;H
2018-08-23;11:53:00;20;-0.03;-0.3;16.6;H
2018-08-23;11:55:00;21;-0.04;-0.3;16.78;H
2018-08-23;11:57:00;22;-0.04;-0.3;16.86;H
2018-08-23;11:59:00;23;-0.04;-0.4;16.93;H
2020-03-31;11:32:05;1;17.63;133.3;11.12;
2020-03-31;11:30:00;2;17.63;133.3;11.12;
2020-03-31;11:28:00;3;17.61;133.2;11.12;
2020-03-31;11:26:00;4;17.59;133;11.12;
2020-03-31;11:24:00;5;17.55;132.7;11.13;
2020-03-31;11:22:00;6;17.55;132.7;11.11;
2020-03-31;11:20:00;7;17.5;132.3;11.13;
2020-03-31;11:18:00;8;17.49;132.3;11.13;
2020-03-31;11:16:00;9;17.49;132.2;11.13;
2020-03-31;11:14:00;10;17.46;132;11.13;
2020-03-31;11:12:00;11;17.43;131.8;11.13;
2020-03-31;11:09:30;12;17.42;131.8;11.12;
2020-03-31;11:07:30;13;17.45;131.9;11.11;
2020-03-31;11:05:15;14;17.43;131.8;11.12;
2020-03-31;11:03:00;15;17.37;131.3;11.12;
2020-03-31;11:01:00;16;17.36;131.3;11.1;
2020-03-31;10:59:00;17;17.32;131;11.1;
2020-03-31;10:57:00;18;17.29;130.7;11.09;
2020-03-31;10:54:00;19;17.28;130.6;11.09;
2020-03-31;10:52:00;20;17.23;130.3;11.03;
2020-04-24;13:35:10;0;13.58;112.9;10.75;
2020-04-24;13:33:05;1;13.61;112.8;10.78;
2020-04-24;13:31:05;2;13.59;112.2;10.86;
2020-04-24;13:29:05;3;13.47;111;10.93;
2020-04-24;13:27:05;4;13.28;109.2;10.94;
2020-04-24;13:25:05;5;13.04;107.2;10.97;
2020-04-24;13:23:05;6;13.01;106.9;10.97;
2020-04-24;13:21:05;7;13;106.8;10.97;
2020-04-24;13:19:05;8;12.98;106.6;10.97;
2020-04-24;13:17:05;9;12.96;106.5;10.97;
2020-04-24;13:15:05;10;12.95;106.4;10.97;
2020-04-24;13:13:05;11;12.93;106.2;10.98;
2020-04-24;13:11:05;12;12.91;106;10.98;
2020-04-24;13:09:05;13;12.89;105.9;10.97;
2020-04-24;13:07:05;14;12.86;105.6;10.97;
2020-04-24;13:05:05;15;12.84;105.5;10.96;
2020-04-24;13:03:05;16;12.84;105.4;10.96;
2020-04-24;13:01:00;17;12.79;105;10.98;
2020-04-24;12:59:05;18;12.7;104.1;10.99;
2020-04-24;12:57:10;19;12.55;102.6;11.01;
2020-04-24;12:55:00;20;12.47;102;10.98;
2020-05-01;13:05:05;0;13.02;114.6;10.34;
2020-05-01;13:03:05;1;13;114.3;10.36;
2020-05-01;13:01:05;2;12.97;113.1;10.45;
2020-05-01;12:59:05;3;12.81;110.8;10.56;
2020-05-01;12:57:05;4;12.15;103.1;10.77;
2020-05-01;12:55:05;5;12.1;102.6;10.76;
2020-05-01;12:53:05;6;12.03;101.9;10.78;
2020-05-01;12:51:05;7;12;101.6;10.78;
2020-05-01;12:49:20;8;12;101.5;10.78;
2020-05-01;12:47:05;9;11.97;101.3;10.78;
2020-05-01;12:45:05;10;11.95;101;10.78;
2020-05-01;12:43:05;11;11.93;100.8;10.78;
2020-05-01;12:41:00;12;11.9;100.5;10.78;
2020-05-01;12:39:05;13;11.89;100.5;10.78;
2020-05-01;12:37:20;14;11.89;100.4;10.78;
2020-05-01;12:35:05;15;11.88;100.3;10.78;
2020-05-01;12:33:05;16;11.85;100;10.77;
2020-05-01;12:31:05;17;11.76;99.2;10.79;
2020-05-01;12:29:05;18;11.73;98.8;10.79;
2020-05-01;12:27:05;19;11.7;98.6;10.79;
2020-05-01;12:25:00;20;11.7;98.5;10.77;
2020-05-06;12:01:10;0;12.53;114.4;9.74;
2020-05-06;11:59:10;1;13.36;118.6;10.28;
2020-05-06;11:57:10;2;13.08;115.2;10.46;
2020-05-06;11:55:10;3;12.5;109.7;10.53;
2020-05-06;11:53:10;4;12.19;106.9;10.55;
2020-05-06;11:51:10;5;12.07;105.8;10.55;
2020-05-06;11:49:10;6;11.99;105.1;10.57;
2020-05-06;11:47:10;7;11.97;104.9;10.57;
2020-05-06;11:45:10;8;11.93;104.5;10.57;
2020-05-06;11:43:10;9;11.87;103.8;10.58;
2020-05-06;11:41:10;10;11.86;103.7;10.59;
2020-05-06;11:39:10;11;11.67;101.8;10.63;
2020-05-06;11:37:10;12;11.55;100.6;10.63;
2020-05-06;11:35:10;13;11.39;99;10.65;
2020-05-06;11:33:10;14;11.1;96.1;10.73;
2020-05-06;11:31:10;15;11.04;95.4;10.75;
2020-05-06;11:29:10;16;10.96;94.6;10.76;
2020-05-06;11:27:05;17;10.86;93.4;10.8;
2020-05-06;11:25:10;18;10.7;91.6;10.85;
2020-05-06;11:23:10;19;10.58;89.9;10.88;
2020-05-06;11:21:00;20;9.97;84.6;10.85;
2020-05-12;11:45:05;0;11.55;104.8;9.99;
2020-05-12;11:43:05;1;11.6;104.2;10.15;
2020-05-12;11:41:05;2;11.63;102.9;10.43;
2020-05-12;11:39:05;3;11.54;101.9;10.46;
2020-05-12;11:37:05;4;11.33;99.9;10.47;
2020-05-12;11:35:05;5;11.19;98.6;10.49;
2020-05-12;11:33:10;6;11.09;97.7;10.48;
2020-05-12;11:31:05;7;11.05;97.3;10.48;
2020-05-12;11:29:10;8;11;96.9;10.49;
2020-05-12;11:27:05;9;10.97;96.6;10.49;
2020-05-12;11:25:05;10;10.95;96.4;10.48;
2020-05-12;11:23:05;11;10.93;96.2;10.5;
2020-05-12;11:21:05;12;10.91;96;10.49;
2020-05-12;11:19:05;13;10.9;96;10.49;
2020-05-12;11:17:10;14;10.9;95.9;10.48;
2020-05-12;11:15:05;15;10.89;95.8;10.48;
2020-05-12;11:13:05;16;10.87;95.7;10.48;
2020-05-12;11:11:05;17;10.86;95.6;10.48;
2020-05-12;11:09:05;18;10.84;95.4;10.46;
2020-05-12;11:07:05;19;10.83;95.4;10.45;
2020-05-12;11:05:00;20;10.8;95.2;10.38;
2020-05-22;11:44:05;0;9.49;91.9;10.16;
2020-05-22;11:42:05;1;9.42;90.7;10.23;
2020-05-22;11:40:05;2;9.41;90;10.39;
2020-05-22;11:38:05;3;9.37;89;10.39;
2020-05-22;11:36:05;4;9.34;88.4;10.45;
2020-05-22;11:34:05;5;9.32;88;10.49;
2020-05-22;11:32:05;6;9.31;87.5;10.5;
2020-05-22;11:30:05;7;9.21;85.7;10.91;
2020-05-22;11:28:05;8;9.25;85.8;11.16;
2020-05-22;11:26:05;9;9.29;86;11.28;
2020-05-22;11:24:00;10;9.36;85.8;10.55;
2020-05-22;11:22:05;11;9.34;84.8;10.61;
2020-05-22;11:20:05;12;9.2;82.9;10.71;
2020-05-22;11:18:05;13;9.14;82.1;10.74;
2020-05-22;11:16:05;14;9.13;82;10.74;
2020-05-22;11:14:05;15;9.09;81.5;10.76;
2020-05-22;11:12:05;16;9.07;81.3;10.76;
2020-05-22;11:10:05;17;8.98;80.4;10.76;
2020-05-22;11:08:05;18;8.56;76.3;10.82;
2020-05-22;11:06:05;19;8.16;72.6;10.88;
2020-05-22;11:04:00;20;8.11;72.1;10.87;
2020-05-27;11:45:05;0;9.03;96.3;9.41;
2020-05-27;11:43:10;1;9.06;96;9.5;
2020-05-27;11:41:05;2;9.06;92.5;9.94;
2020-05-27;11:39:05;3;9.01;90.1;10.21;
2020-05-27;11:37:05;4;9.02;90;10.16;
2020-05-27;11:35:05;5;9;88;10.19;
2020-05-27;11:33:05;6;8.91;85.7;10.33;
2020-05-27;11:31:05;7;8.9;84.8;10.42;
2020-05-27;11:29:10;8;8.89;84;10.51;
2020-05-27;11:27:05;9;8.53;78.7;10.68;
2020-05-27;11:25:10;10;8.43;77.4;10.73;
2020-05-27;11:23:05;11;8.46;77.2;10.81;
2020-05-27;11:21:10;12;8.51;77.5;10.84;
2020-05-27;11:19:10;13;8.01;72.6;10.88;
2020-05-27;11:17:15;14;8.02;72.3;10.91;
2020-05-27;11:15:10;15;7.8;70.1;10.95;
2020-05-27;11:13:10;16;8.43;75.6;10.92;
2020-05-27;11:11:05;17;7.96;71.2;10.96;
2020-05-27;11:09:05;18;7.41;66.2;10.99;
2020-05-27;11:07:10;19;7.22;64.4;11.01;
2020-05-27;11:05:00;20;6.81;60.7;11.02;
2020-06-04;11:56:40;0;9.73;112.1;9.08;
2020-06-04;11:54:40;1;9.74;111.6;9.02;
2020-06-04;11:52:40;2;9.84;108.1;9.31;
2020-06-04;11:50:40;3;9.82;106.3;9.59;
2020-06-04;11:48:40;4;9.65;103.6;9.76;
2020-06-04;11:46:40;5;9.48;101;9.84;
2020-06-04;11:44:40;6;9.42;100.1;9.87;
2020-06-04;11:42:40;7;8.96;91.8;10.21;
2020-06-04;11:40:40;8;8.45;82.9;10.55;
2020-06-04;11:38:40;9;8.13;77;10.82;
2020-06-04;11:36:40;10;7.7;71.6;10.97;
2020-06-04;11:34:40;11;7.73;71.3;11.01;
2020-06-04;11:32:40;12;6.95;63.5;11.12;
2020-06-04;11:30:40;13;6.97;63.1;11.17;
2020-06-04;11:28:40;14;6.22;56.1;11.24;
2020-06-04;11:26:45;15;6.15;55.2;11.28;
2020-06-04;11:24:05;16;6.14;55;11.27;
2020-06-04;11:22:05;17;4.7;42;11.39;
2020-06-04;11:20:00;18;3.52;31.4;11.47;
2020-06-04;11:18:00;19;3.05;27.2;11.51;
2020-06-04;11:16:00;20;2.62;23.3;11.53;
2020-06-10;12:55:05;0;9.57;111.8;8.43;
2020-06-10;12:53:00;1;9.75;109.4;9.15;
2020-06-10;12:51:05;2;9.65;107.4;9.35;
2020-06-10;12:49:00;3;9.58;105.6;9.56;
2020-06-10;12:47:05;4;9.36;102.4;9.68;
2020-06-10;12:45:00;5;9.2;99.9;9.78;
2020-06-10;12:43:05;6;8.51;89.1;10.1;
2020-06-10;12:41:05;7;8.23;85.2;10.2;
2020-06-10;12:39:05;8;7.46;74.6;10.55;
2020-06-10;12:37:05;9;6.17;58.3;11.02;
2020-06-10;12:35:05;10;5.32;49.2;11.24;
2020-06-10;12:33:05;11;5.26;48.2;11.3;
2020-06-10;12:31:05;12;5.23;47.8;11.31;
2020-06-10;12:29:10;13;5.29;48.3;11.31;
2020-06-10;12:27:00;14;5.3;48.4;11.3;
2020-06-10;12:25:00;15;5.2;47.4;11.33;
2020-06-10;12:23:00;16;4.85;44.1;11.36;
2020-06-10;12:21:10;17;4.56;41.3;11.4;
2020-06-10;12:19:00;18;4.26;38.5;11.42;
2020-06-10;12:17:00;19;2.74;24.5;11.54;
2020-06-10;12:15:00;20;2.73;24.4;11.56;
2020-06-18;12:08:15;0;10.37;119.1;8.51;
2020-06-18;12:06:15;1;10.66;121.4;8.77;
2020-06-18;12:04:15;2;10.78;121.1;9.35;
2020-06-18;12:02:15;3;9.91;110.6;9.16;
2020-06-18;12:00:20;4;9.83;109.5;9.22;
2020-06-18;11:58:05;5;9.74;108.3;9.29;
2020-06-18;11:56:05;6;9.6;106.5;9.34;
2020-06-18;11:54:05;7;9.24;101.9;9.44;
2020-06-18;11:52:05;8;8.57;93.2;9.62;
2020-06-18;11:50:05;9;7.82;83.3;9.95;
2020-06-18;11:48:05;10;6.58;67.9;10.65;
2020-06-18;11:46:05;11;5.18;49.6;11.18;
2020-06-18;11:44:05;12;4.71;44.4;11.32;
2020-06-18;11:42:05;13;3.88;35.8;11.5;
2020-06-18;11:40:05;14;3.62;33.1;11.56;
2020-06-18;11:38:10;15;3.06;27.9;11.6;
2020-06-18;11:36:05;16;3.07;27.9;11.62;
2020-06-18;11:34:15;17;2.55;23;11.69;
2020-06-18;11:32:10;18;1.92;17.3;11.75;
2020-06-18;11:30:05;19;0.68;6.1;11.86;
2020-06-18;11:28:00;20;0.79;7.1;11.89;
2020-06-25;12:26:00;0;12.22;145.6;9.11;
2020-06-25;12:24:00;1;12.8;148.3;10;
2020-06-25;12:22:00;2;11.5;132.5;10.15;
2020-06-25;12:20:00;3;10.94;125.9;10.16;
2020-06-25;12:18:00;4;10.68;122.9;10.13;
2020-06-25;12:16:00;5;10.5;120.5;10.19;
2020-06-25;12:14:00;6;10.29;117.2;10.25;
2020-06-25;12:12:00;7;7.24;79;10.2;
2020-06-25;12:10:00;8;6.73;71.8;10.34;
2020-06-25;12:08:00;9;5.93;61.9;10.65;
2020-06-25;12:06:00;10;4.88;49.2;11.05;
2020-06-25;12:04:00;11;4.45;44;11.23;
2020-06-25;12:02:00;12;4.13;40.2;11.35;
2020-06-25;12:00:00;13;2.52;23.9;11.72;
2020-06-25;11:58:05;14;2.36;21.7;11.78;
2020-06-25;11:56:05;15;2.55;23.2;11.76;
2020-06-25;11:54:00;16;1.38;12.5;11.89;
2020-06-25;11:52:00;17;0.92;8.3;11.94;
2020-06-25;11:48:00;18;0.68;6.1;11.99;
2020-06-25;11:45:55;19;0.69;6.2;12.03;
2020-06-25;11:43:00;20;0.7;6.2;12.1;
2020-07-02;11:58:00;0;13.68;172.4;8.04;
2020-07-02;11:56:00;1;14.05;172.5;8.3;
2020-07-02;11:54:00;2;13.77;166.8;8.79;
2020-07-02;11:52:00;3;12.1;145.7;8.94;
2020-07-02;11:50:00;4;9.64;114;9.71;
2020-07-02;11:48:00;5;8.28;96.6;10.2;
2020-07-02;11:46:00;6;7.1;80.7;10.65;
2020-07-02;11:44:00;7;6.23;69.6;10.75;
2020-07-02;11:42:00;8;5.43;59.4;10.67;
2020-07-02;11:40:00;9;4.14;43.8;11.03;
2020-07-02;11:38:00;10;3.09;31.2;11.62;
2020-07-02;11:36:00;11;2.82;27.8;11.73;
2020-07-02;11:34:00;12;2.58;24.5;11.89;
2020-07-02;11:32:00;13;2.27;21.1;11.97;
2020-07-02;11:30:00;14;2;18.4;12.01;
2020-07-02;11:28:00;15;1.58;14.4;12.09;
2020-07-02;11:26:00;16;1.3;11.8;12.12;
2020-07-02;11:24:00;17;1.24;11.1;12.16;
2020-07-02;11:22:00;18;1.28;11.5;12.17;
2020-07-02;11:20:00;19;1.32;11.9;12.25;
2020-07-02;11:18:00;20;1.38;12.4;12.24;
2020-07-11;13:02:05;0;;;8.4;C
2020-07-11;13:00:05;1;;;8.52;C
2020-07-11;12:58:00;2;;;8.56;C
2020-07-11;12:56:00;3;;;8.53;C
2020-07-11;12:54:05;4;;;8.53;C
2020-07-11;12:52:20;5;;;8.57;C
2020-07-11;12:50:05;6;;;8.73;C
2020-07-11;12:48:05;7;;;10.65;C
2020-07-11;12:46:05;8;;;10.83;C
2020-07-11;12:44:05;9;;;10.89;C
2020-07-11;12:42:05;10;;;11.11;C
2020-07-11;12:40:00;11;;;11.46;C
2020-07-11;12:38:00;12;;;11.73;C
2020-07-11;12:36:05;13;;;11.91;C
2020-07-11;12:34:00;14;;;11.98;C
2020-07-11;12:32:05;15;;;12.1;C
2020-07-11;12:30:05;16;;;12.22;C
2020-07-11;12:28:05;17;;;12.26;C
2020-07-11;12:26:00;18;;;12.24;C
2020-07-11;12:23:50;19;;;12.21;C
2020-07-11;12:21:45;20;;;12.21;C
2020-07-16;11:39:35;0;9.3;115.5;8.57;
2020-07-16;11:37:35;1;9.93;121.2;9.16;
2020-07-16;11:35:40;2;9.14;111;9.46;
2020-07-16;11:33:35;3;8.55;103.8;9.45;
2020-07-16;11:31:35;4;8.23;99.9;9.44;
2020-07-16;11:29:35;5;8.12;98.4;9.47;
2020-07-16;11:27:35;6;7.76;94;9.56;
2020-07-16;11:25:35;7;1.27;14.4;11.22;
2020-07-16;11:23:35;8;1.26;13.8;11.03;
2020-07-16;11:21:35;9;1.05;11.2;11.19;
2020-07-16;11:19:35;10;0.66;6.8;11.39;
2020-07-16;11:17:35;11;0.28;2.8;11.63;
2020-07-16;11:15:35;12;0.16;1.6;11.78;
2020-07-16;11:13:40;13;0.16;1.6;11.89;
2020-07-16;11:11:35;14;0.17;1.6;12.12;
2020-07-16;11:09:35;15;0.17;1.6;12.17;
2020-07-16;11:07:35;16;0.18;1.6;12.15;
2020-07-16;11:05:35;17;0.18;1.6;12.14;
2020-07-16;11:03:35;18;0.19;1.7;12.13;
2020-07-16;11:00:35;19;0.2;1.8;12.2;
2020-07-16;10:58:30;20;0.21;1.9;12.24;
2020-07-24;11:53:00;0;12.08;150.8;8.61;
2020-07-24;11:51:00;1;12.02;148.2;9.14;
2020-07-24;11:49:00;2;10.67;130.2;9.51;
2020-07-24;11:47:00;3;9.72;118.1;9.62;
2020-07-24;11:45:00;4;9.35;113.5;9.65;
2020-07-24;11:43:00;5;9;109.1;9.7;
2020-07-24;11:41:00;6;8.41;101.9;9.96;
2020-07-24;11:39:00;7;5.83;69.8;10.66;
2020-07-24;11:37:00;8;-0.1;-1.1;11.36;H
2020-07-24;11:35:00;9;-0.12;-1.3;11.44;H
2020-07-24;11:33:00;10;-0.14;-1.4;11.72;H
2020-07-24;11:31:00;11;-0.15;-1.5;11.93;H
2020-07-24;11:29:00;12;-0.15;-1.5;12.04;H
2020-07-24;11:27:00;13;-0.17;-1.6;12.16;H
2020-07-24;11:25:00;14;-0.18;-1.7;12.18;H
2020-07-24;11:22:55;15;-0.18;-1.7;12.18;H
2020-07-24;11:20:55;16;-0.19;-1.7;12.19;H
2020-07-24;11:18:55;17;-0.19;-1.7;12.2;H
2020-07-24;11:15:55;18;-0.19;-1.7;12.22;H
2020-07-24;11:13:55;19;-0.19;-1.7;12.4;H
2020-07-24;11:09:20;20;-0.18;-1.6;12.51;H
2020-07-24;11:07:05;23.5;-0.16;-1.5;12.65;H
2020-07-29;11:55:30;0;10.07;127.7;8.13;
2020-07-29;11:53:30;1;10.7;134;8.4;
2020-07-29;11:51:30;2;10.18;126.1;8.85;
2020-07-29;11:49:30;3;9.08;111.9;9.17;
2020-07-29;11:47:30;4;8.58;105.6;9.23;
2020-07-29;11:45:30;5;8.57;105.3;9.19;
2020-07-29;11:43:30;6;8.3;101.8;9.24;
2020-07-29;11:41:30;7;8.15;99.8;9.28;
2020-07-29;11:39:35;8;2.8;32.7;10.51;
2020-07-29;11:37:30;9;-0.09;-1;11.58;H
2020-07-29;11:35:30;10;-0.1;-1;11.75;H
2020-07-29;11:33:30;11;-0.11;-1.1;11.85;H
2020-07-29;11:31:30;12;-0.11;-1.1;11.97;H
2020-07-29;11:29:35;13;-0.12;-1.2;12.12;H
2020-07-29;11:27:30;14;-0.13;-1.2;12.14;H
2020-07-29;11:25:30;15;-0.13;-1.2;12.16;H
2020-07-29;11:23:30;16;-0.14;-1.2;12.2;H
2020-07-29;11:21:30;17;-0.14;-1.3;12.35;H
2020-07-29;11:19:30;18;-0.13;-1.2;12.36;H
2020-07-29;11:17:30;19;-0.13;-1.2;12.42;H
2020-07-29;11:15:30;20;-0.13;-1.2;12.53;H
2020-07-29;11:08:50;23.5;-0.11;-1;12.7;H
2020-08-05;11:26:30;0;10.16;120.9;9.05;
2020-08-05;11:24:30;1;10.17;120.9;9.06;
2020-08-05;11:22:30;2;9.78;116;9.23;
2020-08-05;11:20:30;3;9.17;108.4;9.39;
2020-08-05;11:18:25;4;8.38;98.8;9.54;
2020-08-05;11:16:10;5;8.37;98.6;9.55;
2020-08-05;11:14:10;6;8.28;97.6;9.56;
2020-08-05;11:12:05;7;8.19;96.5;9.57;
2020-08-05;11:10:05;8;8.13;95.7;9.62;
2020-08-05;11:08:05;9;7.91;92.9;9.75;
2020-08-05;11:06:05;10;-0.07;-0.7;11.63;H
2020-08-05;11:04:00;11;-0.08;-0.8;11.87;H
2020-08-05;11:02:00;12;-0.11;-1.1;12.1;H
2020-08-05;11:00:00;13;-0.11;-1.1;12.12;H
2020-08-05;10:58:00;14;-0.12;-1.1;12.15;H
2020-08-05;10:55:50;15;-0.12;-1.1;12.18;H
2020-08-05;10:53:50;16;-0.12;-1.1;12.27;H
2020-08-05;10:51:50;17;-0.11;-1;12.47;H
2020-08-05;10:49:50;18;-0.11;-1;12.59;H
2020-08-05;10:47:50;19;-0.11;-1;12.63;H
2020-08-05;10:45:45;20;-0.1;-0.9;12.66;H
2020-08-05;10:41:40;23.5;-0.09;-0.8;12.82;H
2020-08-12;11:06:00;0;12.26;150;8.28;
2020-08-12;11:04:00;1;12.39;151.1;8.43;
2020-08-12;11:02:00;2;11.63;139.4;9.32;
2020-08-12;10:59:55;3;10.52;125.2;9.5;
2020-08-12;10:57:55;4;9.51;113;9.52;
2020-08-12;10:55:50;5;7.9;93.7;9.56;
2020-08-12;10:53:50;6;7.92;93.9;9.59;
2020-08-12;10:51:50;7;7.88;93.3;9.62;
2020-08-12;10:49:45;8;7.78;92;9.66;
2020-08-12;10:47:45;9;0.41;4.4;11.28;
2020-08-12;10:45:45;10;-0.07;-0.7;11.87;H
2020-08-12;10:43:40;11;-0.07;-0.7;12.01;H
2020-08-12;10:41:40;12;-0.08;-0.8;12.04;H
2020-08-12;10:39:35;13;-0.09;-0.8;12.11;H
2020-08-12;10:37:35;14;-0.09;-0.9;12.34;H
2020-08-12;10:35:35;15;-0.1;-0.9;12.45;H
2020-08-12;10:33:30;16;-0.09;-0.8;12.61;H
2020-08-12;10:31:30;17;-0.09;-0.8;12.66;H
2020-08-12;10:29:25;18;-0.09;-0.8;12.75;H
2020-08-12;10:27:25;19;-0.08;-0.8;12.81;H
2020-08-12;10:25:20;20;-0.08;-0.7;12.83;H
2020-08-12;10:22:55;23.5;-0.07;-0.6;13;H
2020-08-18;11:21:35;0;11.26;136.5;8.45;
2020-08-18;11:19:35;1;11.26;136.3;8.58;
2020-08-18;11:17:30;2;10.82;130.5;8.73;
2020-08-18;11:15:05;3;9.82;118;8.96;
2020-08-18;11:13:00;4;9.27;110.8;9.06;
2020-08-18;11:11:00;5;9.45;112.9;8.98;
2020-08-18;11:09:00;6;9.29;110.7;9.05;
2020-08-18;11:07:00;7;8.7;103.3;9.32;
2020-08-18;11:04:55;8;4.29;50.1;10.25;
2020-08-18;11:02:55;9;-0.01;-0.1;11.04;H
2020-08-18;11:00:55;10;-0.05;-0.6;11.75;H
2020-08-18;10:58:50;11;-0.08;-0.8;12.08;H
2020-08-18;10:56:50;12;-0.09;-0.9;12.2;H
2020-08-18;10:54:50;13;-0.09;-0.9;12.35;H
2020-08-18;10:52:50;14;-0.1;-0.9;12.6;H
2020-08-18;10:50:45;15;-0.1;-0.9;12.73;H
2020-08-18;10:48:45;16;-0.11;-1;12.81;H
2020-08-18;10:46:45;17;-0.11;-1;12.86;H
2020-08-18;10:44:45;18;-0.1;-0.9;12.95;H
2020-08-18;10:42:40;19;-0.1;-0.9;12.98;H
2020-08-18;10:40:30;20;-0.09;-0.9;12.99;H
2020-08-18;10:38:20;23.5;-0.09;-0.8;13.18;H
2020-08-25;12:31:00;0;10.1;123.4;8.21;
2020-08-25;12:28:50;1;10.25;125;8.27;
2020-08-25;12:26:35;2;10.26;124.9;8.4;
2020-08-25;12:24:25;3;9.96;121;8.51;
2020-08-25;12:22:05;4;9.45;114.3;8.64;
2020-08-25;12:19:55;5;9.36;113;8.67;
2020-08-25;12:17:40;6;8.96;107.9;8.79;
2020-08-25;12:15:35;7;7.08;84.3;9.23;
2020-08-25;12:13:25;8;3.69;42.9;9.97;
2020-08-25;12:11:10;9;3.65;42.3;10.03;
2020-08-25;12:09:00;10;-0.04;-0.4;11.77;H
2020-08-25;12:06:50;11;-0.07;-0.7;12.22;H
2020-08-25;12:04:40;12;-0.08;-0.8;12.36;H
2020-08-25;12:02:30;13;-0.08;-0.8;12.57;H
2020-08-25;12:00:20;14;-0.09;-0.8;12.69;H
2020-08-25;11:58:10;15;-0.09;-0.9;12.78;H
2020-08-25;11:56:00;16;-0.09;-0.9;12.81;H
2020-08-25;11:49:25;17;-0.09;-0.8;12.85;H
2020-08-25;11:47:15;18;-0.09;-0.8;12.93;H
2020-08-25;11:45:05;19;-0.09;-0.8;13.02;H
2020-08-25;11:42:50;20;-0.08;-0.7;13.04;H
2020-08-25;11:40:35;23.5;-0.07;-0.6;13.13;H
2020-09-01;11:16:00;0;8.56;101.1;8.53;
2020-09-01;11:13:55;1;8.53;100.8;8.55;
2020-09-01;11:11:55;2;8.06;94.9;8.8;
2020-09-01;11:09:55;3;7.83;92.2;8.81;
2020-09-01;11:07:50;4;7.64;89.9;8.82;
2020-09-01;11:05:50;5;7.56;88.9;8.84;
2020-09-01;11:03:50;6;7.54;88.7;8.85;
2020-09-01;11:01:50;7;7.57;88.9;8.84;
2020-09-01;10:59:45;8;7.63;89.5;8.83;
2020-09-01;10:57:45;9;7.52;88.1;8.87;
2020-09-01;10:55:45;10;-0.04;-0.5;11.73;H
2020-09-01;10:53:40;11;-0.07;-0.7;12.51;H
2020-09-01;10:51:40;12;-0.08;-0.8;12.74;H
2020-09-01;10:49:40;13;-0.08;-0.7;12.84;H
2020-09-01;10:47:40;14;-0.08;-0.8;12.93;H
2020-09-01;10:45:35;15;-0.08;-0.8;12.98;H
2020-09-01;10:43:35;16;-0.08;-0.7;13.03;H
2020-09-01;10:41:35;17;-0.08;-0.7;13.12;H
2020-09-01;10:39:30;18;-0.08;-0.7;13.22;H
2020-09-01;10:37:30;19;-0.08;-0.7;13.26;H
2020-09-01;10:35:25;20;-0.07;-0.6;13.26;H
2020-09-01;10:30:55;23.5;-0.05;-0.4;13.32;H
2020-09-11;11:34:10;0;8;85.7;9.46;
2020-09-11;11:32:10;1;7.98;85.4;9.47;
2020-09-11;11:30:10;2;7.94;84.9;9.47;
2020-09-11;11:28:10;3;7.96;85.2;9.47;
2020-09-11;11:26:10;4;7.93;84.9;9.48;
2020-09-11;11:24:05;5;7.9;84.5;9.47;
2020-09-11;11:22:05;6;7.89;84.5;9.46;
2020-09-11;11:20:05;7;7.85;84;9.47;
2020-09-11;11:18:00;8;7.83;83.8;9.47;
2020-09-11;11:16:00;9;7.77;83.1;9.49;
2020-09-11;11:14:00;10;7.62;81.5;9.52;
2020-09-11;11:12:00;11;6.2;65.8;10.06;
2020-09-11;11:09:55;12;-0.06;-0.6;12.11;H
2020-09-11;11:07:50;13;-0.07;-0.7;12.74;H
2020-09-11;11:05:50;14;-0.07;-0.7;12.95;H
2020-09-11;11:03:50;15;-0.08;-0.7;13.06;H
2020-09-11;11:01:45;16;-0.08;-0.7;13.16;H
2020-09-11;10:59:45;17;-0.08;-0.7;13.24;H
2020-09-11;10:57:40;18;-0.07;-0.7;13.28;H
2020-09-11;10:55:40;19;-0.07;-0.6;13.3;H
2020-09-11;10:53:35;20;-0.06;-0.6;13.36;H
2020-09-11;10:49:05;23.5;-0.04;-0.4;13.41;H
2020-09-17;10:35:50;0;10.67;114.9;9.23;
2020-09-17;10:33:45;1;10.64;114.5;9.23;
2020-09-17;10:31:45;2;10.41;111.8;9.3;
2020-09-17;10:29:40;3;10.01;107.4;9.32;
2020-09-17;10:27:40;4;9.82;105.3;9.34;
2020-09-17;10:25:40;5;9.69;104;9.34;
2020-09-17;10:23:35;6;9.7;104;9.35;
2020-09-17;10:21:35;7;9.68;103.8;9.34;
2020-09-17;10:19:30;8;9.6;103;9.37;
2020-09-17;10:17:30;9;9.56;102.5;9.38;
2020-09-17;10:15:30;10;9.51;102;9.37;
2020-09-17;10:13:25;11;9.14;97.9;9.44;
2020-09-17;10:11:25;12;3.06;31.9;10.52;
2020-09-17;10:09:25;13;-0.05;-0.5;12.39;H
2020-09-17;10:07:20;14;-0.07;-0.6;12.95;H
2020-09-17;10:05:20;15;-0.06;-0.6;13.02;H
2020-09-17;10:03:15;16;-0.06;-0.6;13.11;H
2020-09-17;10:01:15;17;-0.06;-0.6;13.21;H
2020-09-17;09:59:10;18;-0.06;-0.6;13.26;H
2020-09-17;09:57:10;19;-0.06;-0.5;13.28;H
2020-09-17;09:55:05;20;-0.06;-0.5;13.32;H
2020-09-17;09:49:20;23.5;-0.04;-0.4;13.5;H
2020-10-02;15:33:00;0;10.06;104.3;9.14;
2020-10-02;15:31:00;1;10.77;110.9;9.57;
2020-10-02;15:28:55;2;9.6;98.2;9.72;
2020-10-02;15:26:55;3;8.95;91.4;9.72;
2020-10-02;15:24:50;4;8.74;89.2;9.73;
2020-10-02;15:22:50;5;8.73;89.2;9.7;
2020-10-02;15:20:55;6;8.98;91.7;9.7;
2020-10-02;15:18:50;7;8.97;91.6;9.71;
2020-10-02;15:16:45;8;8.87;90.5;9.71;
2020-10-02;15:14:45;9;8.77;89.4;9.72;
2020-10-02;15:12:40;10;8.65;88.2;9.74;
2020-10-02;15:08:40;11;8.66;88.3;9.73;
2020-10-02;15:06:40;12;8.66;88.3;9.73;
2020-10-02;15:04:40;13;8.4;85.5;9.78;
2020-10-02;15:02:35;14;6.31;63.6;10.08;
2020-10-02;15:00:35;15;-0.04;-0.4;12.61;H
2020-10-02;14:58:20;16;-0.05;-0.5;13.12;H
2020-10-02;14:56:25;17;-0.05;-0.5;13.21;H
2020-10-02;14:54:20;18;-0.05;-0.4;13.3;H
2020-10-02;14:52:20;19;-0.05;-0.4;13.44;H
2020-10-02;14:50:15;20;-0.04;-0.4;13.53;H
2020-10-02;14:46:05;23.5;-0.01;-0.1;13.59;H
2020-10-08;10:52:00;0;9.7;96.9;9.79;
2020-10-08;10:50:00;1;9.66;96.5;9.81;
2020-10-08;10:47:55;2;9.49;94.6;9.88;
2020-10-08;10:45:55;3;9.2;91.6;9.93;
2020-10-08;10:43:55;4;9.11;90.7;9.93;
2020-10-08;10:41:55;5;8.98;89.4;9.94;
2020-10-08;10:39:50;6;8.95;89.1;9.94;
2020-10-08;10:37:50;7;8.91;88.6;9.94;
2020-10-08;10:35:50;8;8.83;87.9;9.95;
2020-10-08;10:33:45;9;8.81;87.7;9.97;
2020-10-08;10:31:45;10;8.78;87.4;9.96;
2020-10-08;10:29:45;11;8.75;87.1;9.96;
2020-10-08;10:27:45;12;8.69;86.5;9.98;
2020-10-08;10:25:45;13;8.61;85.6;9.99;
2020-10-08;10:23:40;14;8.23;81.8;10.03;
2020-10-08;10:21:40;15;3.96;39;10.72;
2020-10-08;10:19:35;16;0.1;1;11.41;
2020-10-08;10:17:35;17;-0.05;-0.4;13.02;H
2020-10-08;10:15:35;18;-0.04;-0.4;13.39;H
2020-10-08;10:13:35;19;-0.04;-0.4;13.55;H
2020-10-08;10:11:30;20;-0.04;-0.4;13.66;H
2020-10-08;10:06:50;23.5;-0.01;-0.1;13.77;H
2020-10-19;11:37:45;0;7.32;69.3;10.51;
2020-10-19;11:35:45;1;7.28;68.9;10.52;
2020-10-19;11:33:45;2;7.28;68.9;10.51;
2020-10-19;11:31:45;3;7.27;68.9;10.51;
2020-10-19;11:29:40;4;7.24;68.6;10.51;
2020-10-19;11:27:40;5;7.25;68.7;10.51;
2020-10-19;11:25:35;6;7.33;69.4;10.51;
2020-10-19;11:23:35;7;7.26;68.7;10.52;
2020-10-19;11:21:35;8;7.23;68.4;10.51;
2020-10-19;11:19:35;9;7.21;68.3;10.52;
2020-10-19;11:17:35;10;7.23;68.5;10.51;
2020-10-19;11:15:30;11;7.26;68.8;10.51;
2020-10-19;11:13:30;12;7.31;69.2;10.51;
2020-10-19;11:11:25;13;7.36;69.7;10.5;
2020-10-19;11:08:30;14;7.24;68.6;10.51;
2020-10-19;11:06:35;15;7.24;68.6;10.51;
2020-10-19;11:04:30;16;7.25;68.6;10.5;
2020-10-19;11:02:25;17;7.23;68.5;10.5;
2020-10-19;11:00:25;18;7.25;68.7;10.5;
2020-10-19;10:58:25;19;7.22;68.4;10.51;
2020-10-19;10:56:25;20;7.07;67;10.52;
2020-10-19;10:54:05;23.5;4.39;41.4;10.91;
2020-10-27;10:17:35;0;8.59;77.4;10.71;
2020-10-27;10:15:30;1;8.6;77.5;10.72;
2020-10-27;10:13:30;2;8.6;77.5;10.72;
2020-10-27;10:11:30;3;8.57;77.3;10.74;
2020-10-27;10:09:25;4;8.56;77.3;10.75;
2020-10-27;10:07:25;5;8.58;77.4;10.75;
2020-10-27;10:05:25;6;8.58;77.4;10.75;
2020-10-27;10:03:20;7;8.59;77.5;10.74;
2020-10-27;10:01:20;8;8.62;77.8;10.72;
2020-10-27;09:59:10;9;8.67;78.2;10.72;
2020-10-27;09:57:05;10;8.67;78.2;10.71;
2020-10-27;09:55:00;11;8.67;78.2;10.71;
2020-10-27;09:53:00;12;8.67;78.2;10.7;
2020-10-27;09:51:00;13;8.67;78.2;10.7;
2020-10-27;09:48:55;14;8.68;78.3;10.7;
2020-10-27;09:46:55;15;8.7;78.4;10.7;
2020-10-27;09:44:50;16;8.69;78.4;10.7;
2020-10-27;09:42:40;17;8.7;78.4;10.71;
2020-10-27;09:40:35;18;8.68;78.3;10.7;
2020-10-27;09:38:35;19;8.68;78.3;10.7;
2020-10-27;09:36:45;20;8.67;78.2;10.69;
2020-10-27;09:34:25;23.5;8.7;78.2;10.75;
2020-11-06;09:11:20;0;10.42;91.3;10.69;
2020-11-06;09:09:20;1;10.42;91.2;10.75;
2020-11-06;09:07:15;2;10.41;91.2;10.74;
2020-11-06;09:05:15;3;10.4;90.4;11.01;
2020-11-06;09:03:15;4;10.28;89.1;11.01;
2020-11-06;09:01:15;5;10.25;88.8;11.01;
2020-11-06;08:59:10;6;10.22;88.6;11.02;
2020-11-06;08:57:10;7;10.21;88.4;11.01;
2020-11-06;08:55:10;8;10.18;88.2;11.03;
2020-11-06;08:53:05;9;10.15;87.9;11.03;
2020-11-06;08:51:05;10;10.13;87.7;11.03;
2020-11-06;08:49:05;11;10.1;87.5;11.04;
2020-11-06;08:47:05;12;9.94;85.9;11.08;
2020-11-06;08:45:05;13;9.88;85.4;11.1;
2020-11-06;08:43:00;14;9.91;85.7;11.08;
2020-11-06;08:41:00;15;9.91;85.6;11.08;
2020-11-06;08:38:55;16;9.91;85.5;11.08;
2020-11-06;08:36:55;17;9.91;85.5;11.09;
2020-11-06;08:34:55;18;9.89;85.3;11.09;
2020-11-06;08:32:50;19;9.79;84.2;11.13;
2020-11-06;08:30:35;20;9.8;84.2;11.13;
2020-11-06;08:28:30;23.5;9.27;79.4;11.15;
2020-11-12;09:21:20;0;10.23;89.9;10.82;
2020-11-12;09:19:20;1;10.21;89.8;10.84;
2020-11-12;09:17:15;2;10.21;89.7;10.85;
2020-11-12;09:15:15;3;10.2;89.6;10.86;
2020-11-12;09:13:15;4;10.18;89.5;10.87;
2020-11-12;09:11:15;5;10.18;89.5;10.87;
2020-11-12;09:09:10;6;10.17;89.4;10.87;
2020-11-12;09:07:10;7;10.17;89.4;10.87;
2020-11-12;09:05:10;8;10.18;89.5;10.86;
2020-11-12;09:03:05;9;10.17;89.4;10.87;
2020-11-12;09:01:05;10;10.17;89.3;10.86;
2020-11-12;08:59:00;11;10.17;89.4;10.88;
2020-11-12;08:57:00;12;10.17;89.4;10.86;
2020-11-12;08:55:00;13;10.16;89.3;10.87;
2020-11-12;08:53:00;14;10.16;89.3;10.88;
2020-11-12;08:50:55;15;10.18;89.5;10.85;
2020-11-12;08:48:55;16;10.19;89.6;10.85;
2020-11-12;08:46:55;17;10.19;89.6;10.85;
2020-11-12;08:44:55;18;10.2;89.6;10.85;
2020-11-12;08:42:50;19;10.2;89.7;10.85;
2020-11-12;08:40:55;20;10.19;89.6;10.83;
2020-11-12;08:38:45;23.5;9.93;87.2;10.88;
