"","600","595","590","585","580","575","570","565","560","555","550","545","540","535","530","525","520","515","510","505","500","495","490","485","480","475","470","465","460","455","450","445","440","435","430","425","420","415","410","405","400","395","390","385","380","375","370","365","360","355","350","345","340","335","330","325","320","315","310","305","300","295","290","285","280","275","270","265","260","255","250","245","240"
"ar-3-01.0m",0.000466957885529006,0.000531224598213215,0.000462182040274968,0.000573929151112307,0.000494356649998581,0.000610280995293831,0.000550829234513756,0.000612273632279787,0.000730091019486731,0.000752423173460196,0.000804258269137392,0.000773082172017516,0.000816601952995116,0.000684255618637023,0.000808375449906571,0.000838923323573876,0.000903709485042525,0.00101420390090265,0.000952115027633357,0.000960345658901941,0.00114818677594012,0.00113998893444449,0.00122733671555492,0.00133924841451735,0.00139940077438563,0.0014463887731142,0.00153199662832979,0.00158633926376863,0.00165465695652116,0.00181590374001429,0.00195145396581865,0.002092137055885,0.00230308179374134,0.00241133094733164,0.00259360191989518,0.00285015374353117,0.00304850859305659,0.00327317852810237,0.00361521904985295,0.00394278005307424,0.00414743212926519,0.00442193158289433,0.00475676976519771,0.00518785679868652,0.00560267736972071,0.006067654779462,0.00670383069387872,0.00732166411594715,0.00799842272157463,0.00880961173009527,0.00957712171878449,0.01037528413585,0.0113960767925929,0.0125169650343821,0.0139530231330287,0.0154291201329583,0.0171256059356872,0.0191507176176994,0.0214893121789647,0.0242495945283315,0.0275496579216419,0.0317773472330632,0.0372338078101516,0.0443123582703167,0.0524443527055252,0.0609349265253529,0.0694065529939547,0.0771282083639149,0.0842953216776604,0.0904034676894929,0.0957769296083009,0.102279946571429,0.110629249034564
"ar-3-05.0m",0.00122622070965417,0.00125662268441672,0.00128017576527801,0.001233092354736,0.00127584966188813,0.00132576903305457,0.00140672976185412,0.00145717683182851,0.0014247986218683,0.00144874881714906,0.0016384252525232,0.00162925462242428,0.00156178132773437,0.0013318626236132,0.00144704646654255,0.00153647072744694,0.00153640385022617,0.00169371194846628,0.00164649701340153,0.00169177694792476,0.00176053760091057,0.00183046491068007,0.00186288047803485,0.00192796858521779,0.0019868485624866,0.002135074063764,0.00231399641526183,0.00244449082426481,0.00264954430762509,0.00271400130405499,0.00277624702236169,0.00287362123534561,0.00302361384105605,0.0031255785091334,0.00328382379445393,0.00353390579566436,0.00379662777943407,0.00401751690133777,0.00430840722797934,0.00453862233825738,0.00477648381794372,0.00505520126099692,0.00543076097729091,0.00580617896694972,0.00632950946834141,0.00687363571744676,0.00753556745379241,0.0083367645968688,0.00920471385141971,0.0100922057641685,0.0108094998136917,0.0114618804790006,0.0124030043707395,0.0135100429951767,0.0149135184867445,0.0165050559220213,0.0182145404235977,0.0202265130161471,0.0226007980738044,0.0254297014989774,0.0288801186070815,0.033219557865062,0.0388519566268734,0.0459905764851091,0.0542634379484688,0.0628854349066404,0.0712690253488601,0.0788349073637992,0.085862254735391,0.0916735475929761,0.0970453953715515,0.103437160228614,0.112183977475297
"ar-3-10.0m",0.000848076105532017,0.000862477941347058,0.000842656890467068,0.000764868128582188,0.00081279707691478,0.00102638827609744,0.0011841523041083,0.0014362702427711,0.00157110669244854,0.00131138001596993,0.00115765867937382,0.00117494866226048,0.00142293796403252,0.00159177618692064,0.0017488473673981,0.00188616775867179,0.00179702219498384,0.00184007438302894,0.00170246786140669,0.00165517108138432,0.00166248156236395,0.00165285808232849,0.00163750154701691,0.0017286510057421,0.00173676586973769,0.00184090417704396,0.00190209720787762,0.00191610792772218,0.00208313481865582,0.00237396341952173,0.00258649821089647,0.00269846548719099,0.00284253272166236,0.00293565096426769,0.00314746694803009,0.00345533547359784,0.00380296203596851,0.00407139425350663,0.0043805751495062,0.0046604881750097,0.00488847688472653,0.00513333838626408,0.00541636318140109,0.00572021069972975,0.00617462081354841,0.00667475290339113,0.00725826895333408,0.00786783520980255,0.00862464979181186,0.00940737033571066,0.0101301857551402,0.0109061721029118,0.0118303150993063,0.0128973723872843,0.0141669262169943,0.0155819749797536,0.01722484108994,0.0193412310377905,0.0219260474110412,0.0247697719503365,0.0281883599674182,0.0324068940100323,0.0376095196419175,0.0440529248001731,0.0514160949491907,0.0591244112506809,0.0666467997228629,0.0735069913938036,0.0799550655465735,0.0851819218653115,0.0903161692386685,0.0963747784588532,0.104871114857676
"ar-3-20.0m",5.54189331069767e-05,2.51852459250174e-05,1.95548370291165e-05,2.1502716240852e-06,-1.47655623619138e-05,-1.52805264057842e-05,4.97652639203991e-05,4.55378361374728e-05,0.000150078341216403,0.000184489312957957,0.000205502683215308,0.000213814589204715,0.00023453871065957,0.000145699813342337,0.000262830377198512,0.000319793861886881,0.00033564380635476,0.000390447296345276,0.000351570780355363,0.000432408434505623,0.000455855764769075,0.000474316039043714,0.000531172633123187,0.000621542232789997,0.000640191879387489,0.000715165292670285,0.000765233721484863,0.000793088185582903,0.000939807729843002,0.00118299306501151,0.00130948666780809,0.00149152609380852,0.00168543200068969,0.00186991051807569,0.00208324622190663,0.00232334315168283,0.00244155040674305,0.00259816993274906,0.00289731477061434,0.00313891692371317,0.00332612772295502,0.00356348920045167,0.00381344457953263,0.00417549125388398,0.00466599295810055,0.00512929302643681,0.00578118721560988,0.00649797299610525,0.00721936453881043,0.00808132549962297,0.00873358396437214,0.00948312766617313,0.0102953075989874,0.0112425556365896,0.0124952964888101,0.0138568781940854,0.0153086761968546,0.0170182212660546,0.0191511909633689,0.021621962080591,0.0247413935894146,0.0284744460453354,0.0334370389433231,0.03964629843006,0.046862398621708,0.0543439012613496,0.0617904316740054,0.0686726004844046,0.0749180362996187,0.0803467236681294,0.0857200428504851,0.0923436770692398,0.102729464541803
"ar-3-30.0m",0.000510221661392679,0.000546203875156348,0.00054519750727067,0.000571910589203493,0.000579552721770509,0.000649571695719957,0.000663979932784894,0.000746051249749075,0.000830195226191061,0.000839756727440393,0.000825610533392566,0.000905961699280838,0.00098086041898419,0.00107463663382636,0.0010113962658053,0.00121928552860191,0.00122895879366538,0.00127156778556378,0.00110742488302047,0.00113292098438839,0.00116263186132361,0.00114783306006212,0.00118591947452063,0.00126639977026159,0.00131185867112026,0.00135937429773852,0.00138649756596988,0.00133648588088954,0.00152601737545388,0.00178154994479595,0.00206006060858748,0.00219414766096362,0.00229366448082815,0.00235708651358346,0.00258655040554291,0.00289395289732824,0.00315512654933097,0.00362070070003869,0.00394718115955336,0.00419625224375434,0.00442332357121093,0.00465820749843933,0.0049789307544389,0.00534580954249008,0.00581800371254541,0.0063894904473766,0.00709163117662341,0.00796116474557537,0.00880479927787697,0.0097385495280091,0.0104551789115912,0.0112611934694017,0.0121993773615733,0.0131522154033862,0.0143922979091826,0.0157286598140315,0.0172135075397758,0.0190361761296444,0.0211973330473317,0.0238127891343756,0.0269358083141939,0.0308710017607918,0.0359068123798861,0.0422696313719901,0.0494355796258351,0.0569301998170255,0.0644558877832422,0.071254837155467,0.077440528457825,0.0826698155130118,0.0879050595438357,0.0948634963152323,0.106511774378028
"ar-3-43.0m",0.00403721768889649,0.00411771268493293,0.00410693618180475,0.00416009945031035,0.00412661252789958,0.00428718467967359,0.00419861529363198,0.00431734967503338,0.00448298796199784,0.00452932558877758,0.00467671042073749,0.00467660380812327,0.00477204167776986,0.00472776948421355,0.00486542022640421,0.00501431143587288,0.00509641029099339,0.00528822266061957,0.00526934293838146,0.00540432962954732,0.00557720279183309,0.00562772531377468,0.00571247605046535,0.0058547014372227,0.00598521198853544,0.0061506130948566,0.00625267450319126,0.00630356697231604,0.00660590809675598,0.00703869239009083,0.00742698223024283,0.00775520077144699,0.00803041509824414,0.00828404544630139,0.00864597514493125,0.00901152615111541,0.00957121214979691,0.010018452244285,0.0105340862282163,0.0109337051422369,0.0113211279931163,0.0116812229681893,0.0121911739385608,0.0126789962702252,0.0133477912731732,0.0140613582317003,0.0148558200035423,0.0158109228251623,0.0167270257922492,0.0177102178497489,0.0186301067640564,0.0195500215699291,0.020608931773676,0.0217714398558956,0.0231402111626803,0.0246704360259661,0.0262199306719126,0.0280218343524043,0.0301137983291019,0.0326918791195935,0.0359041351843095,0.0399685707696452,0.0451885347084827,0.0519643343919747,0.0598319423698673,0.0679473595265894,0.0760412109356442,0.0834733434868245,0.0905358480790153,0.096385989349332,0.102027375884248,0.108375575153734,0.117874384735466
"ar-3-45.0m",0.000914616696196371,0.000934062265432855,0.00096171805210879,0.000896112919818785,0.000873790000847086,0.00100412259764567,0.000934582609014371,0.00111902361961635,0.00125876323620047,0.00127703925768165,0.00126716159354153,0.00129587345509713,0.0012845259673623,0.0011598465845602,0.00126662905799106,0.00132536779438368,0.00135337484384573,0.0014692724108312,0.00149531885957981,0.00157760982494979,0.00165709244664439,0.00170786233558083,0.00181946892503454,0.00189289147232355,0.00198496538383544,0.00203633874837082,0.00212677535032953,0.00212516219000367,0.00234512178644704,0.00278920251318121,0.0031568385097404,0.00332483775146051,0.0035319888087653,0.00376026365476608,0.00408901967343537,0.00443761462146208,0.00481946243420839,0.00516145479118704,0.00553463175487027,0.00584072068248482,0.0061037275380857,0.00642175272165933,0.00673712736361465,0.0071351060180176,0.00754869874214564,0.00812950832131753,0.00879929625243177,0.00955100062249135,0.0104826809778599,0.0113764962467637,0.0122015947499357,0.013073933202492,0.0141233273417431,0.0153170090726818,0.0168009022718925,0.0184389157526059,0.0201334336833426,0.0221009351874781,0.0244040750797504,0.027146509407327,0.0303865655788915,0.0345031055896318,0.039793597178565,0.0465220427931163,0.0543239754644035,0.0622556759098779,0.070233837672162,0.0774935795318697,0.0842808192608299,0.090217058286954,0.0957348454420659,0.102399379741002,0.111000418535491
"ar-3-46.0m",0.00158907440090077,0.00154221275864646,0.00163043103605972,0.00164775740718777,0.00163159051143139,0.00160549326874653,0.00170591714511151,0.00171587953432332,0.00181711701807594,0.00191043359979803,0.00202971370228107,0.00203306344691453,0.00213989003532573,0.0020635489091108,0.00226194188148293,0.00237707709360283,0.00244336756848423,0.00255808921441283,0.0025542987732196,0.00253139639213134,0.00256990927931599,0.002680177811498,0.00276457594785358,0.00286807143538865,0.00300057667021948,0.00308032938162734,0.00320609215356777,0.00317836449283441,0.00342538011571765,0.00386018145581838,0.00427427795071836,0.00452529337002575,0.00476879037272309,0.00497577095116455,0.00535467251764167,0.00576564647765789,0.00624056958491783,0.00670797955431212,0.00717413203665557,0.00759780265834897,0.00785217260860924,0.008271559635224,0.00865756576570803,0.00916918095866312,0.00969974211777756,0.0103863740454205,0.0111720535288453,0.0120698758087331,0.0129930058398041,0.0139749046252603,0.0148740766402563,0.0157832383346254,0.0168991552441684,0.0181037575030879,0.0196563370357579,0.0212280898197041,0.0229377131097549,0.0248623065298328,0.0271496063515866,0.0298719787739849,0.0331439973981102,0.0373014735355648,0.0426887213484894,0.049669772263414,0.0575807638914161,0.0658290508839418,0.0739002090320263,0.0813476563357263,0.0882952743781246,0.0944254472157403,0.100078053924799,0.106834117865137,0.116041700000276
"ar-3-47.5m",0.00161912492221684,0.00171505723436086,0.0017709707883091,0.00177273791414326,0.0017341166207785,0.0018095152395832,0.00178885351103522,0.00188926131458356,0.00202402549583229,0.00203779353710208,0.00210945847830255,0.00213543931177498,0.00223564094522327,0.00223893873633323,0.00226561867362685,0.00241432614681585,0.00246594244134897,0.00260043270254506,0.00264409259605913,0.00271477164169028,0.00290910226116538,0.00295118733926435,0.00305302565927183,0.00311628860580425,0.00329762087351671,0.00338841214629508,0.00349925540176446,0.0034599084435316,0.0037315630702325,0.00420518091297502,0.00461920822138628,0.00492518651806068,0.00510985522467336,0.00534564491412874,0.00564996653329652,0.00601885176071786,0.00652124954734372,0.0069706386328253,0.00741407188881561,0.00775067049893573,0.00805139784474203,0.0084337566135429,0.00877179180388216,0.00920557622052175,0.00976685800084299,0.0103791040067945,0.0111989385731858,0.0122537828595582,0.0132355987006889,0.0142704158933458,0.0150675981032081,0.0160251104173388,0.0172060922649331,0.018429128099228,0.0200077613600798,0.021741964747149,0.0236735919757161,0.0257662937117581,0.028341745288339,0.0312585311408722,0.034746191486581,0.0391295932710997,0.0447904589924685,0.0519224677664768,0.0600904186738442,0.0683824401128744,0.0765505796625184,0.0839790208046879,0.090765651253805,0.0966117630677471,0.102323239977565,0.108884486065316,0.118312973236239
"st-3-01.0m",0.000734436149313838,0.000853391004508816,0.000814027420072992,0.00077576546836349,0.000796659223191015,0.000871084410580246,0.00080430308954704,0.000883565506177676,0.000862982526816219,0.000860633619257247,0.00094743780782948,0.000939641753727888,0.00104164973773047,0.000875818868096939,0.00098364454947602,0.000981651215220873,0.00102997182662795,0.0010771971588445,0.00104077146190279,0.00112046491106883,0.00109521209224934,0.00113519527660837,0.00113928448101043,0.00119579567647542,0.00126689658999667,0.00121290299492438,0.00124619623337132,0.00106821557348973,0.00126575229285685,0.00160237524625509,0.0019035307651107,0.0020319126389498,0.00212277147649635,0.00217138812214718,0.00233208648006238,0.00260048209758113,0.00286351053189164,0.00315400005697047,0.00344165546805722,0.00359991762642904,0.00379345710306303,0.00390781332740199,0.00416345001960473,0.00444331855508844,0.00480315427061998,0.00517745259311834,0.00573381647704557,0.00627261920731715,0.00690821643961617,0.00747897165466584,0.00782217073705396,0.00817493262380753,0.00869665034829285,0.00923790726138773,0.00994835991013013,0.0106416507129113,0.0114362830541155,0.0122206103067961,0.0132804336263876,0.0146648474066744,0.0163855664736811,0.0185430745483259,0.0214106772149668,0.0253171860300022,0.029861108305882,0.0346599213592482,0.0393818920460123,0.0433771796277742,0.0470034958390404,0.0502691342250553,0.0535466831648269,0.0571999041787912,0.0616422998589582
"st-3-10.0m",0.00367516874677019,0.00330876225473594,0.0029700172439272,0.00252486264773038,0.00225044806535511,0.00197517490946635,0.00163953126594841,0.00138871929618072,0.00118291067282616,0.000925318167235826,0.000689527374970744,0.000419577953456696,0.000302651740253644,0.000134785550579135,8.45435414603392e-05,1.00674418324472e-05,-3.39062591683818e-05,2.08400107633694e-05,2.75816271669402e-05,5.34251302200257e-05,0.00017360360492212,0.000125735991333612,0.000287329096648587,0.000363729469123541,0.000432038374924038,0.000467709917090116,0.000468786444551132,0.000269040236203091,0.000419284746550304,0.000875228999402592,0.00116929772744541,0.00129433646449011,0.00133597129671174,0.00134419107999471,0.00153695104767678,0.00185300234268786,0.00214354980875394,0.00236452636339511,0.00254587214926017,0.00271804061606629,0.00282307318530893,0.00289041142142841,0.00304049415870423,0.00326996561062574,0.00361602031221224,0.00390356161631589,0.00440705477834103,0.00500959343909035,0.00558245553226622,0.00618111978292957,0.00654240302653619,0.00684588589034924,0.00731225632703368,0.00790199274264799,0.00863449712388279,0.0094613414598364,0.010261716321752,0.0112439669038401,0.0124357904986169,0.0138775449835155,0.0155373048245458,0.0176501000738311,0.0203732901737446,0.0240264098793553,0.0282417779744108,0.0326001503426243,0.0367216689182124,0.040431785213537,0.0435655189416552,0.0464962337083953,0.0492319205254359,0.0528714222611249,0.0573786843423416
"st-3-20.0m",0.000232831096973296,0.000271767523170849,0.000378337637983049,0.000255320389674251,0.000184592454526871,0.000293137269993018,0.000270404529556383,0.000263506965281522,0.000329099571458357,0.000267235022548695,0.000339934965909439,0.000319011811568707,0.000352946058355393,0.000307437429037833,0.000352019795159507,0.000361311799501509,0.000406657721895028,0.000489513616744945,0.000406943100970687,0.000418787990284598,0.000508454506421066,0.000466004372731024,0.000448089120184575,0.00048733022430863,0.000521821245429858,0.000558069825639983,0.000523587372138022,0.000313466636516807,0.00048488748372887,0.000905766469844758,0.00125320761828235,0.00132629696275141,0.0013208234841745,0.00135102534782582,0.0015964899162919,0.00188771137750884,0.00217729473829777,0.00243432709492419,0.00276099588151979,0.00289551936730825,0.00304665706023873,0.00313888633396476,0.00335238562355448,0.00360078447291304,0.00390940534074444,0.00424035772287635,0.00475241190542162,0.00531918947202132,0.00589324461048959,0.00651130085894632,0.00684074612282713,0.00720841552960523,0.00767107599060851,0.00817919021806434,0.00892222407311419,0.00970575669825657,0.0104785131965451,0.0113685274121526,0.0123732741585889,0.0136812117954825,0.0153655968318044,0.0174949221309036,0.0202479684092671,0.0239294097045832,0.0282157494610018,0.0326898626481123,0.0369489329615,0.0406755026245306,0.0439857711673163,0.0467215867030493,0.0496026870287976,0.0527684878404223,0.0572028223194999
"st-3-31.0m",0.000463634110904724,0.000586001569938663,0.000694506270303433,0.000704740316831394,0.000692075396621,0.000746549576091824,0.00072306039142168,0.000780833546716571,0.000800731748770427,0.000907337190417525,0.000959846520311613,0.000962280019548874,0.00108305552613498,0.00105914831609544,0.00112992311677529,0.00123546125999309,0.00134922696409298,0.00152244486323679,0.0014933604888315,0.00162244384722062,0.00176051074680029,0.0018358747850581,0.00192096966824327,0.00200721848830033,0.00213595954287595,0.00219402723826763,0.00233482351926544,0.00229348968061742,0.00257320877838883,0.00312567365779579,0.00366506379868302,0.00391433335059417,0.0040952855597117,0.00423607371880882,0.00457699594766454,0.00499865687398442,0.00540966940849975,0.0057255696999034,0.00600226951664717,0.00622620743009931,0.00635797961535091,0.00649025715900652,0.00667693580292927,0.0069420394501296,0.00724047128293879,0.00760745373109828,0.00801255383011757,0.00855553164205374,0.00918933599751254,0.00968301055683201,0.01000043760766,0.0102581087921603,0.0106334685325139,0.0110652866745702,0.011766971373955,0.0124272511093202,0.0132446106937198,0.0140397839370133,0.0151010602261071,0.0163458433883638,0.0179194845222045,0.019841341023688,0.0224102721271974,0.0259942000454027,0.0301894822142036,0.0344045788395682,0.0385889052098367,0.0422258288172297,0.0457010880431204,0.0485412973777397,0.0516138888137142,0.0549932456715076,0.0591143613639832
"st-3-33.0m",0.00495100526921149,0.00552262866010315,0.00576241108356105,0.00588275417654034,0.00612610218446173,0.0064198985281792,0.00658141412765826,0.00689648557802724,0.00716615378281068,0.00760689109237372,0.00796885024988628,0.0082829811120964,0.00871615928789553,0.00903649970498907,0.00950082561224958,0.00993955780951749,0.010467610286006,0.010995051006425,0.0114888731865752,0.0120048849051577,0.0126649731490202,0.0132007174111209,0.0138236916415592,0.0143835854991322,0.0150847613370854,0.0157399774286586,0.0164683885763577,0.016954390924272,0.0178474842687029,0.0191119896405631,0.0203588308570263,0.0214201749854718,0.0223526769634379,0.0233721335936036,0.0244934019006364,0.0256106881975771,0.026716885617752,0.0277589221998451,0.0287115213003405,0.029517524992823,0.0301111675377731,0.030719212327142,0.0311669471272493,0.0316250626400972,0.0320695380469036,0.0324850766749096,0.0330550994802,0.0335724701997495,0.0341329819656966,0.0345868219006306,0.0347361598664445,0.0349267154769312,0.0351873771211804,0.0354867879311933,0.0359677163923106,0.0364381740383954,0.0369040040506761,0.0374255933758735,0.0380789588998524,0.0390274969099753,0.0402278325009989,0.0419094550550476,0.044258839277318,0.0475633220931633,0.0515348691281259,0.0556042405995142,0.0596223650389202,0.0630195225502543,0.0663773662100607,0.0690764099840863,0.0717321692928488,0.0751914794994522,0.0795289930571028
"st-3-34.0m",0.000191454089474061,0.000298439990960404,0.000215821113688562,0.00025991527966698,0.000233672210263761,0.000170202379595412,0.000244285338088447,0.000205436369341958,0.000319555709865999,0.000265537868209639,0.000350181814000277,0.000346486280246952,0.000375362748909592,0.000236841800584506,0.000327622184361362,0.000370920959107652,0.000409078948972616,0.000432811291197272,0.000426071272289129,0.000445615306387748,0.000490528418400401,0.000424276986145304,0.000468048350629084,0.000488332737404556,0.00053542891521634,0.000539320964006623,0.000522750240314938,0.000299167218664442,0.000504898845068392,0.000999617377489017,0.00135365382201705,0.00146529705676744,0.00149527487488963,0.00150496270093003,0.00173748255010494,0.00201446819518345,0.00238553842722144,0.0026620214962273,0.00290735880187178,0.00306448560397096,0.00315142091902987,0.00322480692546934,0.00338337756113477,0.00364747370133058,0.00389173462547809,0.00425829353082178,0.0047024271597827,0.00528360245636589,0.00588378369926869,0.0064885392687373,0.00680171290222643,0.00714166429316698,0.00761521063447148,0.008173837568306,0.008914389866827,0.00973900605178047,0.010563541768792,0.0114871083047002,0.0126055512551635,0.0139482413262409,0.0155670814772367,0.0176283935229604,0.0204024948484639,0.0240240181840995,0.0284241800138262,0.0328567915834607,0.0371654131379892,0.0409867872687927,0.0445088846150185,0.0474523244131614,0.0504949905352929,0.0541851576235095,0.0589631127735069
"hs-3-01.0m",0.00076808150694321,0.000820702828498173,0.000977626186533104,0.000965326250459369,0.000865326966593546,0.000931919245947281,0.000970324107793629,0.000956624931298638,0.000966689342168447,0.00102336413281671,0.001016694671252,0.00110446069254095,0.00117113798202345,0.00117757982922622,0.00120547683599408,0.00126541671987125,0.00130380441217279,0.00128111273831248,0.00139948133605337,0.00152098547568682,0.00162756443830016,0.00165754090707367,0.00172576305026728,0.00185484197910231,0.00192437081711565,0.00199198944600616,0.00203742090278271,0.00218149053502774,0.00235203895727323,0.00244371366942525,0.00260412548863534,0.00275218057662573,0.00301495015797637,0.00318153808887501,0.00337719296015326,0.00359396615683459,0.00385937372686535,0.00412281558514558,0.00447077790704428,0.00488364862984421,0.00529912568881134,0.00574448809073114,0.0062677838834788,0.00673594923118557,0.00733426293343006,0.00801322499480065,0.00877165660266277,0.00960034906585969,0.0104774059188417,0.0113278378484259,0.0122961460944797,0.0133245177939027,0.0144714377034799,0.0157207080343211,0.0171927258821637,0.0187635451688373,0.0205766489225758,0.0226366155625,0.0250387692187773,0.0277972116774379,0.031114238869417,0.0353175199477401,0.0407152520974173,0.04730827702887,0.054883168182169,0.0629054195423085,0.0707691318205277,0.0781385965666125,0.0850149737195697,0.0908479964028535,0.0960625940912792,0.101793733432155,0.109952637824986
"hs-3-05.0m",0.00057199954558612,0.000609999075589404,0.000714268627831745,0.000748838501204512,0.0006316037364475,0.000739412654944261,0.000781240110351052,0.000683104168142579,0.000816974991176258,0.000845233067377607,0.000760405674705678,0.00090313046212727,0.000978348785385058,0.00086110997745125,0.000935867937607377,0.000983884677043635,0.000978553927038787,0.000993086715229904,0.00108232555524283,0.00117298108423011,0.00128344452296374,0.00131605166876007,0.00139701211822329,0.00150714170678395,0.00156146531412266,0.00163205912262497,0.00173440437233378,0.00179548170385127,0.00195627451670421,0.00204198948697828,0.00223066330917766,0.00247288689825725,0.00270818448814767,0.00290139195465175,0.00306656700327431,0.00313084471222569,0.00337033992862009,0.00363470910343001,0.00387657345198802,0.00422974763561123,0.00450103992276002,0.00488427646650261,0.00523399236622926,0.00569148136160929,0.00612658037542444,0.00668084704104234,0.00737325662251884,0.00806539390579382,0.00895814977386708,0.0097212031032731,0.010658479767889,0.0116557948526988,0.0127457739204276,0.0138734376801168,0.0152860453070131,0.0168153870654197,0.0185107516309999,0.0205465039860603,0.0230067965722286,0.0257708437854375,0.029190475026556,0.0333684706871712,0.0386545241155016,0.0451570589957228,0.0526117645699911,0.0602946739322376,0.0678642546688554,0.0750223278604236,0.0817457654022163,0.0873740202184148,0.0922343647464411,0.0982083867890179,0.106363567820014
"hs-3-06.0m",0.0022687376136555,0.00226680857815312,0.0023126938122971,0.00227750210438167,0.00229291261182972,0.00242506040653861,0.00249762663929139,0.00245780167356934,0.00256408838885418,0.00253170694332874,0.00253700748451442,0.00267481053313581,0.00270454972325454,0.00262730658787361,0.00270197346454846,0.00271193204908173,0.00284239883185894,0.00286604072547534,0.00291865596698406,0.00309099178063882,0.00314352514881614,0.0032745067812853,0.00326066243561166,0.00341408421653823,0.00356259418109209,0.0036429290386204,0.00380670912845312,0.00397958877840024,0.00420860323659837,0.00445674969368265,0.00467353484774062,0.00487640401065924,0.00507422171024972,0.00541825479737052,0.00579933247662462,0.00608092801448441,0.0063686229155769,0.00672371168584853,0.00711470569942457,0.00765705124660403,0.00812189308156592,0.0087099578532288,0.00925047626584443,0.00987079291780628,0.0105324376311754,0.0113011087093353,0.0122404588912523,0.0131119122898722,0.0142049264714952,0.0151734127708007,0.0162981945037981,0.0174516688658878,0.0187826337344456,0.0202173603933989,0.0219484205565219,0.023735139393775,0.0256899183091014,0.0279059096922728,0.0304981342646232,0.03352404472418,0.0371083812920552,0.0414053154429309,0.0467981718478725,0.0533213770285881,0.0608021502802113,0.068660738026769,0.0763771382618069,0.0836503089641816,0.0907028861020107,0.0963342179553623,0.101755405041308,0.107772173142544,0.116035932935477
"hs-3-07.0m",0.00174477009786174,0.00169643453412494,0.0019214451517283,0.00208928922742704,0.00206977038373522,0.00230537347208021,0.00243690289067077,0.00253155964813408,0.00262458968066642,0.00260651717880182,0.00269684925281057,0.00293633249876823,0.00306453178541169,0.00318588656522288,0.00330018332248455,0.00347124741206881,0.00369681052618109,0.00392336598663946,0.00412682447946704,0.00443590856201164,0.00471971106307661,0.00503693275449497,0.00527714010087947,0.00549146307684131,0.00562754703848791,0.0059416249962086,0.00628390719972308,0.00663666011177748,0.00704508644334327,0.00742679358704413,0.00790634838992752,0.00831719524404911,0.00870685457228683,0.00914007951681384,0.0095283293766263,0.00992380309038436,0.010395285714085,0.0110134988198281,0.011516896101468,0.0120625086363667,0.0125413026472135,0.0130335742325601,0.0135743855164418,0.0140578528403826,0.0146294151849692,0.0152460685881404,0.0161342433686948,0.0170273110825554,0.0181018249675867,0.0190050469972597,0.0200894739864155,0.021117716387699,0.0223083699940225,0.0235961220484769,0.0250904525046775,0.0268401817046127,0.0287216230005493,0.0309717531323869,0.0335863819811638,0.0365404418071268,0.039911766718697,0.0440401595856899,0.0491511367417059,0.0553452041121571,0.0624668481711342,0.0699135588035048,0.0772064815821119,0.0842512644720154,0.0909380572114386,0.096599762578543,0.101745892132171,0.107456340028135,0.115720657094342
"hs-3-08.0m",0.000845002059995412,0.00083680594289735,0.000842605473145096,0.00100446627900072,0.000977332543685615,0.00104283442986817,0.00112592408921085,0.0010589506137258,0.00120199182740818,0.00120283873204263,0.00121331626573517,0.00129964838807252,0.0014942492163064,0.00142720277703645,0.00146155809129898,0.00149462834386886,0.0015499409970798,0.0015834921739855,0.00173920728238088,0.00184586513402593,0.00195727796275869,0.00203943898273492,0.00210445733560918,0.00222647740871652,0.00233749986569854,0.00246963362138426,0.00259708309975707,0.0027785050344846,0.00303091019632026,0.00324259098933929,0.00343046664621326,0.0037379475863759,0.00399494494955306,0.00418939322329641,0.00443342838719484,0.00472388653123492,0.00512900263375543,0.00558947578624394,0.00604045536468781,0.00653920777599442,0.00703478103739174,0.00756167677621622,0.00814821425814365,0.00879952076317493,0.00950292768661966,0.0103296440327176,0.0112824836047556,0.0122572041672835,0.0134004765499549,0.0144024847557823,0.0155721927257459,0.0167519777537263,0.0181750613612652,0.019592053030735,0.0213420641827497,0.0232298069053243,0.0252693509450919,0.0275519898541159,0.0302617803050581,0.0333869152410787,0.0370265796223191,0.041282876062302,0.0466755785501511,0.0532114201335533,0.0606726994299849,0.0684513678623707,0.0763159650642233,0.0838099426069858,0.0911610374145441,0.0971474511330431,0.103100285763608,0.110266872851457,0.12069639625453
"hs-3-09.0m",0.000184550883298771,0.0002434995071799,0.00026787486900218,0.000324346846868128,0.000310409269944777,0.000417281163325505,0.000554207135248683,0.000465395894434784,0.000541245137539323,0.000576591982264085,0.000540310313267848,0.00070274061997654,0.000829453779347232,0.00072836630811593,0.000816427492910365,0.000840479695788785,0.000880114871664351,0.000880328745904002,0.000965604076694648,0.00106234810490835,0.00113642975540147,0.00125247881410501,0.00129807773387557,0.00141690505521086,0.00150375970485247,0.0016598443916425,0.00172425806487661,0.00189681090581967,0.00210743270855756,0.00232824034406363,0.00261120350523515,0.0028245613764095,0.00303879999634768,0.00327276398770014,0.00354586509439054,0.0038621024104868,0.00427629692043565,0.00468862852451282,0.00510523175129928,0.00560281275375861,0.00608228640252297,0.00659349539194168,0.00719733204081665,0.00785584784415715,0.0085044105628791,0.0093798670590034,0.0103121259611204,0.0113037317616988,0.0124329351022505,0.0134902328465098,0.0146526828048025,0.0158617372063836,0.017324152399945,0.0187670438887124,0.0205937561631219,0.0225437146617452,0.0246716027808244,0.0270662247099269,0.0298988118567866,0.0331085278114534,0.0367928019163335,0.0411883733018812,0.0467529385043108,0.0533891914644834,0.0609289734788575,0.0689188897314917,0.0768793440127212,0.0845680368440242,0.0924395682915567,0.0994963043716357,0.10743692916088,0.118160007780655,0.135843737651188
"hs-3-10.0m",0.000884518488355085,0.000767762916470412,0.000921444110664187,0.000869548760664569,0.000894686560980745,0.000920901984886106,0.00106497310089599,0.00101243341385345,0.00107903665989109,0.00110764421735955,0.001074532331154,0.00115562139992075,0.00130404332842527,0.0012858453402995,0.00133442294313309,0.0014374160975918,0.00147967161689844,0.0014927456848721,0.00164822331469978,0.00176775292064923,0.00190885204134493,0.0020162860809976,0.00206539042011252,0.00221023857608485,0.00222583891880092,0.00238493319274864,0.0024432006488759,0.00258833023778382,0.00283776051284333,0.00310530155558788,0.00338670116999979,0.00364129351396236,0.00393259611973583,0.00419394316731685,0.00448761860860933,0.00483814018217292,0.00521070715658088,0.00571226773825684,0.00622341103816111,0.00682974016898935,0.00729656435282267,0.00788668336133858,0.008546208539556,0.0091988005810565,0.00994396532139315,0.010848790041993,0.011889100385554,0.0129569650522674,0.0142301641523685,0.0153430724727176,0.0166607799752934,0.017970753007203,0.0195072557635335,0.0211403454481597,0.0229705184467939,0.0249503161170619,0.0270503800101786,0.0294940979755813,0.0324494281939057,0.0357541236980426,0.039624398926158,0.04418465589244,0.0498713970285783,0.0565568047818698,0.0642802473355186,0.0722882493414468,0.0804929551878066,0.0883908053973342,0.0965811608328288,0.104151185690422,0.113137041483434,0.126128224883595,0.147229270888713
"hs-3-11.0m",0.000424447859976934,0.00037676967352957,0.000460612763346051,0.000483122193656956,0.000564101974570709,0.000593239126381616,0.000721794768321392,0.000572146741385293,0.000624872394177275,0.000595479217408313,0.000602575475653849,0.000671345451961065,0.000850331561787339,0.000927772196721195,0.000997357120696985,0.00106723910440839,0.00112193732218126,0.00113127965099103,0.00129127536579394,0.00137392521352181,0.00149364649058228,0.00156506918624532,0.00161781196569357,0.00172434553931521,0.00175592508576383,0.0018736658421158,0.00191229675928135,0.00199971098130717,0.00217315403093649,0.00238588126558878,0.00267034806758321,0.00295190093948016,0.00324669708365272,0.00346568564888069,0.00379992224917704,0.0041194810055596,0.00456442441990484,0.00501313921348188,0.00547639541606451,0.00612720730677033,0.00672669236950226,0.00735909084664022,0.00792641324175287,0.00847054357292856,0.00920255646567945,0.0100443817126489,0.0110216603739606,0.0118842791995389,0.0130529472787963,0.0140925302591567,0.0153241219424146,0.016611862179337,0.0180352827260715,0.0195842610170378,0.0215167667881478,0.0235898250072931,0.0258248479664735,0.0284362349554805,0.0314527675516925,0.0347819346504449,0.0387063636636579,0.0433544180489403,0.0490913300046744,0.0558783834470482,0.0635988620254179,0.0717899915085282,0.0799941446880869,0.0880936667025279,0.0963893515735656,0.104568951732629,0.114123714761837,0.12896408693875,0.153436396320674
"FukuNO-3-01.0m",0.0046823492032223,0.00487386559162791,0.00521785236880763,0.00532614885491184,0.00553942413203879,0.00575928637636492,0.00588964553104053,0.00622269705027166,0.00645245310988958,0.00667596459535723,0.0070969400400066,0.00742562044926456,0.00796227202027234,0.0082909358964018,0.00882853619961025,0.00924184397182881,0.00964890345178793,0.0100384703258337,0.0105527274203721,0.0108820889457123,0.0112769069789175,0.0117249905333645,0.0123416497567463,0.0130412434145701,0.0137789754001075,0.0145919844688315,0.0154512832838278,0.0163728655706766,0.0172887131779812,0.0183817749848136,0.0196047146942539,0.0209743549319004,0.0225784274298511,0.0243478098951543,0.0260948869574435,0.0280207317511314,0.0301932913674212,0.0324276080545822,0.035102186703968,0.038019938325931,0.0411609111590112,0.0447031844549275,0.0486188285854616,0.052911608335889,0.0576563641268714,0.0628949718923416,0.0685625584714451,0.074803001547714,0.081641873989107,0.0889243152736644,0.0968399342666823,0.105172179070009,0.11403645655599,0.123439853492794,0.133622824687375,0.144271131513446,0.155573232713034,0.167828967484967,0.181131848399166,0.196119647524892,0.212868776410707,0.231961030759093,0.253492971642277,0.277007446286477,0.301629200247863,0.326956097670055,0.352881224689762,0.379196898822047,0.404931046057115,0.428509951766247,0.450826271608468,0.47539335782076,0.507832387795786
"FukuNO-3-03.0m",0.00554343850634162,0.00581675260962074,0.00615060771593695,0.00638616483967789,0.00657416960132603,0.00669955956755886,0.00694839237927571,0.00732861650885657,0.00761236220450469,0.00788509928069304,0.00822214184731567,0.00847075330738373,0.00888884874492798,0.00922158150775112,0.00962752349458748,0.00998508609766526,0.0104836639757309,0.0109972277322018,0.0115231406818667,0.0119988186895413,0.0125570451881377,0.0131081625640264,0.0137154103256872,0.0143565557333245,0.0150569398360908,0.0158084421203682,0.0166582664390724,0.0174951013140656,0.0183999264131482,0.0194873390076087,0.020691652346869,0.0220374841215157,0.0234974802456202,0.0250514159970386,0.0267241952844937,0.0286166198676627,0.0306270653879412,0.0330427474126183,0.0355721832334321,0.0385166654401828,0.0417072772508111,0.0452522518558175,0.0491351918981592,0.0533330394355334,0.0581632242630689,0.0634781811474659,0.0693870259053306,0.075835140325502,0.0827545890627241,0.090112506607777,0.0980904996251206,0.106410328730639,0.115305886717208,0.124662080931985,0.1347660597548,0.145209166166443,0.156399819623043,0.168420566345625,0.181550187844218,0.196406373508691,0.212800026329663,0.231229565073827,0.25148367842856,0.273386482173359,0.296646812591368,0.321226290414526,0.347180482529496,0.373583742679151,0.399441026510454,0.422590412050363,0.444517877234567,0.468198009972373,0.499038535001071
"FukuNO-3-04.0m",0.00800880574706456,0.00831978851477901,0.00875722320307687,0.0091558920130492,0.00956262806055701,0.00989901957449295,0.0101450152484861,0.0104622083357902,0.0108800711561724,0.0111984150108538,0.0116850897829456,0.0122098931958267,0.0128008179004608,0.0133147863992093,0.0138378566299856,0.0143588846403989,0.0148979622438177,0.0155928392159148,0.0162829853106134,0.016966798903986,0.017758988455558,0.0185582917733658,0.019366093278179,0.0202915535977923,0.0212501675269228,0.0222649877301303,0.0234792714810107,0.0246012001190598,0.0258019117735443,0.0273014486001788,0.0288690249575613,0.0306626071563798,0.0325713529292067,0.0347313393784948,0.0369447557545288,0.0394845342046806,0.0422474061729279,0.0454797197997555,0.0488613761100308,0.0526840584083714,0.056806291010036,0.061354827365939,0.0663087497207785,0.0717355683473025,0.0779035848104963,0.0846655612986227,0.0920350480704803,0.100147362705139,0.108832079028525,0.117993049964096,0.127866430600538,0.138046970655835,0.148783334348076,0.160032498142911,0.172049007188553,0.184470956093351,0.197511197413393,0.21156456847424,0.226812368475632,0.243771455441345,0.262263702987424,0.282738162367778,0.305232295369151,0.329734866539754,0.356375718898442,0.384654188088832,0.414284683362645,0.444372933887406,0.473920380141489,0.500621753374319,0.526096677369518,0.554337133290746,0.590702279397808
"FukuSW-3-01.0m",0.0260699488760507,0.0272567845263109,0.0284188837459968,0.0296008873005772,0.0307218036162702,0.0320228740977042,0.033333357605799,0.0346671658531294,0.0360261147794935,0.0375605624392885,0.0390715321329464,0.0406859062929584,0.0424659413634851,0.0442647491271329,0.0461547654042275,0.0480513543989356,0.0501428184144258,0.0525054895360068,0.054856678494026,0.0573353803865017,0.0600081705384913,0.0627033799344485,0.0658108924545511,0.0689525845000669,0.0725646032273146,0.0761602161795859,0.0804094513988974,0.0846990639459106,0.0891131460448222,0.0943380584201635,0.10010971936372,0.106421683515479,0.113299443926373,0.120981471202005,0.129024566330922,0.137919549138445,0.147440444664263,0.158091452660108,0.169872472614069,0.183117890566559,0.197705532450773,0.21402858683939,0.231839897271312,0.251275457680302,0.273206601357841,0.297604995232698,0.324156153748431,0.353282157320847,0.384634228340287,0.417941941074846,0.45357794922966,0.490512940666598,0.529243365467584,0.569278234183686,0.611636917771138,0.654792234141411,0.699650609266881,0.747897376734912,0.800259845242786,0.858444240889453,0.921507695201276,0.990339124169826,1.06332895194033,1.14049552781149,1.22345066233675,1.31226479444293,1.40671550325417,1.50436423484381,1.59814039387846,1.6799198790093,1.75265340113589,1.84239529591472,1.95526459162804
"FukuSW-3-02.0m",0.0265149993638624,0.0275914447776108,0.0286056489149371,0.0297499507543227,0.0309522895834955,0.0321661299092676,0.0333077984329736,0.0346638289294191,0.0361444264504611,0.0376029072670109,0.0393082127431059,0.0409627551846495,0.0428516106451975,0.0446565995607899,0.0466260905834388,0.0487807626015025,0.0509612556623242,0.053388972430605,0.0558442366094267,0.058458343373745,0.0613286721502655,0.0642918040660172,0.0675591139541133,0.0709136485799366,0.0748100440718825,0.0787512277260478,0.0833548537081824,0.0880522150097545,0.0929276222844635,0.0987299558645335,0.105075908230091,0.112113705865881,0.119704926493767,0.128254651967114,0.137100496886791,0.146945860772976,0.157467171614826,0.169086184003488,0.182014733338017,0.196433649940868,0.212341159910947,0.230008153501064,0.249220414160883,0.270249213991705,0.293901206181894,0.320062947108149,0.348687253586053,0.380068498357951,0.413760352009013,0.449593212768184,0.487886704828439,0.527712123383054,0.56954071185909,0.612683577534102,0.658179827349175,0.704454596288353,0.752391160108253,0.803559525781757,0.859059126501792,0.920433432767655,0.986966538535438,1.05885943355097,1.13515794965885,1.21553216135356,1.30176051044459,1.3937654836009,1.49066836288817,1.5906102975966,1.68692218819343,1.7707564114563,1.85366340552041,1.93947354955107,2.05788769810618
"FukuSW-3-03.0m",0.0255673034451358,0.0267195270067562,0.0277039547531586,0.0289461054359967,0.0299861980267459,0.0312695303265862,0.0325054262647584,0.0338673031418325,0.0352883497005807,0.0367214787193913,0.0383585484369574,0.040075880084823,0.0418516260129017,0.0437373623673158,0.045748474596291,0.0478203053196028,0.050064476741516,0.0526271198870713,0.0552481772959081,0.0580499603250342,0.0610153552021258,0.0641377468912879,0.0674882484290261,0.0709530424328619,0.0750360353505664,0.0790542191987281,0.0839622273143204,0.0887820812574572,0.0938400204564188,0.0998759456904311,0.106553901054245,0.113885567765995,0.121753904714774,0.13073663797038,0.140008699472637,0.150255894906031,0.161232903867566,0.17344365044474,0.187020631312461,0.20217028606159,0.218835653313937,0.237344223958201,0.257569485287,0.279549367710993,0.304398532938545,0.331948249274647,0.362068085547297,0.395049653863281,0.430468216555144,0.467951442236491,0.508256100997842,0.550028386242146,0.593865352229409,0.639063898118856,0.686719102971108,0.735174617744144,0.785449503644418,0.839183128582138,0.897219203106034,0.961205605333011,1.03012790984681,1.10481490322942,1.1835560882928,1.2664809649153,1.3554622715599,1.44936626257626,1.54830912293774,1.64934032475825,1.74653994590892,1.83114311353302,1.91877557219789,2.00854177033237,2.13294069110842
"FukuSW-3-04.0m",0.0295293710852148,0.0305765864572843,0.0318206665069659,0.0332288690051383,0.0344962156126585,0.035881103075436,0.0373668090661863,0.0389897548171428,0.040654456580538,0.0423661863291627,0.0442435392533659,0.046237640425936,0.0483475350246225,0.0505374133480167,0.0529046689912361,0.0553002783825868,0.0579559051312912,0.0608702577041785,0.0638471536877687,0.0670730485562841,0.0705685541356731,0.0741940226868385,0.0782016437727446,0.0822389854046837,0.0870126030309378,0.091785492835341,0.0974477715056102,0.103091231593129,0.108855425752238,0.115777104068495,0.123467645836342,0.131829059323475,0.140920120397146,0.151219943086781,0.161870784975512,0.173683178115135,0.186456738670941,0.200616346548397,0.216302566265063,0.233782938640124,0.253077911763124,0.274549960221453,0.297861369098859,0.32328796181823,0.351762572957141,0.383376758584263,0.417915130865686,0.455700934938744,0.496465348886468,0.539720227040043,0.586449233566935,0.635049368965001,0.685894319770374,0.738088782503955,0.793174527593995,0.848956466355837,0.906626121916472,0.968204668901259,1.03444247612928,1.10727046476394,1.18580508347697,1.27033542745219,1.3596011746177,1.45353417704425,1.55364515269674,1.65850352301688,1.767210401129,1.87820921388632,1.98473853613954,2.08901660267589,2.1770337004163,2.27801795884172,2.4220326008625
"gg-3-01.0m",-0.000225595917790552,-8.97107120944373e-05,-0.000280746957159585,-0.000187790162596589,-0.000244644851984906,-0.00016441004872679,-0.000177265759876104,-0.000223239279894111,-5.18429611566216e-05,-9.65614886542613e-05,-9.57293158072255e-05,-6.73664802383098e-05,-0.000124668548444922,-1.39768525069222e-05,5.78989272880128e-06,-3.21043346356185e-05,1.34400348022143e-06,5.49198751986888e-05,4.80278469457803e-05,9.59285973464284e-05,6.91265913054215e-05,0.000109120227296524,0.000166856388651095,0.000263931514479783,0.000299113709674994,0.000347249384400661,0.000358160729272362,0.000351344933885569,0.000456722128510357,0.000528069092530557,0.000571850102837748,0.000712808717302449,0.000782873079341143,0.00089713059303062,0.000968594331076085,0.00108116404328622,0.00122874510867192,0.00141918943651822,0.00156108894017041,0.00171910857565708,0.00188235608222395,0.00214944078910972,0.00231171018515128,0.00257118327327237,0.00289469527057449,0.00320750039139411,0.00359582351095923,0.00396032947155836,0.00437630229186946,0.00482877561753842,0.00545980068970269,0.00613840671099638,0.00687612188672175,0.00768758232655194,0.00870500515547393,0.00983232989643607,0.011140275735095,0.0127197069727894,0.0143847397334394,0.0165031180185362,0.0190461508864276,0.0224712772514095,0.0269253635911152,0.0324828794479799,0.0390031993300212,0.0459836516626776,0.052720732371145,0.0592050720235856,0.0650548123848873,0.0701102501863316,0.0748423451312487,0.079729212440265,0.0864997514218867
"gg-3-04.0m",0.00103524831226865,0.00113634652454119,0.00106595669001063,0.00117035491768578,0.00116816435902613,0.0011798626381699,0.00115379909105408,0.00118941278840316,0.00128066524760595,0.00130263346632595,0.00133267662275906,0.00143799977442851,0.00139290008695741,0.00147883550748335,0.00158278343569584,0.00156114181425136,0.00158576623674426,0.0016958401998115,0.00168707265029887,0.00174228010047072,0.00180778608011688,0.001846722033986,0.00194235897774839,0.00200825426451607,0.00204104812083424,0.00211747101488884,0.0021796228646169,0.00223467815221817,0.00233627643734417,0.00247387561605663,0.00252888723894308,0.00267234955573983,0.00279047894242776,0.00299036593561735,0.00309156899973344,0.00323085236618613,0.00338847068273095,0.00359807194319242,0.00385641670812007,0.00406301672412735,0.00426999396933588,0.00460839541561264,0.00483824614773461,0.00517224478567514,0.00547775891808736,0.00594933007391601,0.00640997194210681,0.00702817599754318,0.00774318017270677,0.00825715415187938,0.00893157280640628,0.00957055327412777,0.0103339314984446,0.0111686692429357,0.0121674249232484,0.0131471716756776,0.0144764593648302,0.0161137684042115,0.0178761488080825,0.0202257358091693,0.0229738710080957,0.0266346381623512,0.0312612690914449,0.0371259952308045,0.0439258854950829,0.0510330911384499,0.0580591050780424,0.064644732694904,0.0705708976549073,0.0755078156016458,0.0802460821496851,0.0853123586507941,0.0922592829906638
"gg-3-06.0m",0.000355305246692743,0.000557824101258479,0.000490623210655763,0.000497956421960286,0.000549370657891807,0.000560850680228935,0.000526875107964662,0.00060778066325148,0.000661116273312562,0.000741416689505324,0.000690196950157576,0.000736776513030294,0.000738715081328644,0.000777807263898295,0.000874361372942151,0.000800463035434575,0.000851363249507393,0.000910101453560001,0.00101574727507826,0.0010299835899499,0.00103080374036,0.00111647403367489,0.0011959667835622,0.00135344562618384,0.00139027554823869,0.00149415125984158,0.00156022359574655,0.00163528455713424,0.0017711635968226,0.00184499589205938,0.0019295316142213,0.00214327069153994,0.00231807885912621,0.00247619349898233,0.00260087052887638,0.00274752210174358,0.00301890067974199,0.00332010107935404,0.00354488498136446,0.00378832367388705,0.00406045224770422,0.00438157380026966,0.00468855082722492,0.00502710130059107,0.0054513822830553,0.00586583768666948,0.00635506973609338,0.00690840290160545,0.00749042066900767,0.00805755491130056,0.00888675319581879,0.00974638120729799,0.0106919535183723,0.01174416762386,0.0130608248825264,0.0144071238838561,0.0159006708145101,0.0176600246805283,0.0195786216431592,0.0219610035599524,0.0247429403956523,0.0284732857977048,0.033095698970716,0.0388897545498466,0.0456069848988405,0.0525157013601017,0.0593288312069433,0.0656154556745448,0.0712344601737464,0.0760604027462466,0.0805439513092533,0.0857160962984042,0.0933739540012867
"gg-3-07.0m",0.000596081815534797,0.000769929099346671,0.000672511114960104,0.000831339581091788,0.000902551517382246,0.000882720776102523,0.000942193590457454,0.00103841288383495,0.00110427057030503,0.00122982382592587,0.00125422510494188,0.00138893056843087,0.00135111880099979,0.00151809294559393,0.00165003298638083,0.00162994085641271,0.00174269688901138,0.00186167646384293,0.00197073485562722,0.00213159445262875,0.00221605652776993,0.00237932383482573,0.00250009340022608,0.00272089384803238,0.00286297282450089,0.00305600321651028,0.00323372181000799,0.00341456063998511,0.00363166148570643,0.00386222582720648,0.00412675249349949,0.00443150363795184,0.00470519299346723,0.00502999832197956,0.00531549839073245,0.00560061835547111,0.0059375567992523,0.00630823866813959,0.00659864061525985,0.0069507329684827,0.00726099965232691,0.00768293360687564,0.00800989485119352,0.0085174629697229,0.00900842687733884,0.00958327529661277,0.0102650489068186,0.0108801212017327,0.0116268987044652,0.012359877328907,0.0131739564947378,0.0139511852818612,0.0149139837069545,0.0159083708773787,0.0171191071913399,0.0183982836203341,0.019963739642281,0.021823665501826,0.0238482447858929,0.026176540579277,0.0288795329338575,0.0322900087740825,0.0366349950554268,0.0420601902154363,0.0484661292532744,0.0550652459771558,0.0616878856199178,0.0677698347907787,0.0735564775208427,0.0782538916766616,0.082892294394948,0.088025103471707,0.0958829012190955
"gg-3-08.0m",0.00131856911456463,0.00146532286118333,0.00140755784585701,0.00155540252084593,0.00148784903567413,0.00165152519342223,0.00159940606927594,0.00170369377598371,0.00183971027294016,0.00188328778846638,0.00194393430416624,0.00203563418907016,0.00205248106522808,0.00218800141429301,0.00224836308336624,0.0022877244895208,0.00240875961130042,0.00251335022155405,0.00262149959717351,0.00275695792739349,0.00281392035645707,0.00288662173163051,0.00304709077662615,0.00320666420691505,0.00328327052616958,0.0034820729067051,0.00363224220081588,0.00378877725546954,0.00406020610446851,0.00432448272314311,0.0045666373149477,0.00479502478990853,0.00507391677863826,0.00543091493519998,0.00565958528490771,0.00592552404853962,0.00618627989649458,0.00651362189903957,0.0068237466545579,0.00711617683440215,0.00741643030523309,0.00779593858580674,0.00808777566085108,0.00841875734803336,0.00885347982123705,0.00929740251409629,0.00981662191671362,0.0103669704831363,0.0110489547151594,0.0116038907390454,0.0123232931923632,0.0130449690971265,0.0138460413619634,0.0148270349387843,0.0159363474610609,0.0172321026954922,0.0186320268203224,0.0202713072217188,0.0222229554339977,0.0245401415774904,0.027293584131012,0.0308351357689422,0.0354241830300284,0.0410833508474396,0.0477552336678784,0.0545801013760251,0.061316785334906,0.0677393215735847,0.0736170888434449,0.0786135774598138,0.0830761798459324,0.0883237226218968,0.0955968469222163
"gg-3-09.0m",0.000974940686731933,0.00108579197707339,0.000972941568995085,0.00105787515834414,0.00110145935740646,0.00123839123820209,0.00127675018035739,0.001286240129756,0.00141247136730881,0.00150429248291514,0.00155120827269562,0.00168807178200641,0.00165635311879808,0.00183019752211251,0.0018954833448517,0.00192957541618398,0.00207405183953616,0.00220459089080323,0.00231313076215248,0.00234804677418274,0.00243878429972656,0.00256727427882233,0.00268125110693225,0.00287678973527046,0.00307720311459463,0.00318197104660527,0.00335574070074696,0.00346900803299216,0.00364558687166893,0.00396472248274282,0.00418677534162755,0.00447341029727354,0.00480366847165818,0.00524560633971199,0.00551164906910671,0.00598351518973959,0.00630899234252447,0.00692229643713687,0.00751267541704492,0.00811746211040397,0.0088404652323797,0.00957831485389298,0.0102080178916659,0.0110323367649885,0.0119446741979319,0.0131364009071329,0.0145961271412051,0.0160261391583042,0.0177386268870787,0.0195386314124933,0.0215154105814946,0.0237273782132209,0.0262682291714514,0.0288404943320569,0.0314943843518818,0.0340169548663068,0.0363768201313471,0.0388652961012367,0.0415157997528786,0.0446293368415873,0.0484238486380835,0.0532937255692905,0.05926497539381,0.0665156500098769,0.0745633579582636,0.0829566427601627,0.0911874630034378,0.0985827183044248,0.105518642219809,0.11131525226415,0.117058614311782,0.123679560825814,0.133205597656359
"sc-3-01.0m",-0.000844274916954537,-0.000779568964854534,-0.000730279628758087,-0.000812775731556905,-0.000794931793913119,-0.000801807144332001,-0.000790415249105231,-0.000715450503611821,-0.000818757884694271,-0.000760746884748547,-0.000689029830068096,-0.00064535797334471,-0.00059000062247462,-0.000620694813830677,-0.000681534433877215,-0.000671631449015986,-0.000515027295319395,-0.000468820523531942,-0.000386977864966277,-0.000350434965781606,-0.000277645342646602,-0.000119870482961616,-7.19262823995392e-05,-4.97383725743949e-06,3.18609031570411e-05,4.59015414380379e-05,8.63446578619673e-05,0.00014897011973935,0.000213574086991996,0.00026735843261616,0.000304471798181043,0.000449492306504775,0.000602644814946389,0.000694352385448786,0.000764919534107999,0.00100007636568226,0.00121801214243213,0.00139173715060134,0.00154689895110307,0.00170937396987282,0.00187517372119925,0.00219992681044287,0.00251180405457121,0.00292992832108887,0.00335906735100434,0.00392930759349913,0.00452711322020744,0.00521421239001462,0.00597234511468808,0.00672005779833205,0.00743804066819206,0.00823413899399804,0.00908504198917991,0.00993298683185996,0.0110431572429751,0.0122614431026519,0.0138013024692634,0.0156167474055601,0.0178078663103595,0.020291973254756,0.0230137725363419,0.0264058593616491,0.0306166414929312,0.0357639608277187,0.0416489313640167,0.0477083035057276,0.0538918629739593,0.0594747166522086,0.0648842802601517,0.0695028845188965,0.0742982177933174,0.0791169150739007,0.0863369445466242
"sc-3-12.0m",-0.000487663952360236,-0.000522102021256741,-0.000436547006642614,-0.000415798895321066,-0.000406163797223378,-0.000418545745066938,-0.000351240101105214,-0.000331423379218573,-0.000349545523651172,-0.000342396800202914,-0.000305534085202961,-0.000223680776988356,-0.00016539085971416,-0.00026357657097924,-0.00027178132379205,-0.000188320239369224,-0.000163422818040797,-9.21904316032815e-05,-9.82269166167787e-05,-0.000134928956746443,-6.04399894034625e-05,7.04092069430745e-05,0.000150875933526324,0.000130764577079062,0.000185411874853093,0.000261315871863557,0.000346095577774374,0.000417146654608994,0.000505851985193458,0.000579286457982885,0.000700838746844793,0.000869369959185007,0.00101922396266555,0.00110373610546952,0.00129674312740594,0.00159426498985589,0.00181358789052298,0.00210780726884726,0.00224813041276085,0.00246543018975813,0.00266876852933714,0.00300913756120101,0.00329985508804007,0.00367455833470826,0.0041264587412958,0.00462617386591867,0.00511288349865625,0.00579967888534259,0.0064450156435283,0.00714121012615584,0.00793470346979692,0.00877080629994452,0.00976473091580407,0.0107937910966252,0.012170781907916,0.0138876992100193,0.0159824475675308,0.0183700195637414,0.0212454819184881,0.0240968223802078,0.0267032173265561,0.0296677195803757,0.0334487458232745,0.0380694012252722,0.0433509080399083,0.048914967058423,0.0544644008645476,0.059618619719549,0.0647228514781819,0.0694338100334614,0.0744017778808107,0.0798768646604447,0.0878996475194174
"sc-3-25.0m",-0.000514784760587674,-0.000416252492958613,-0.00035879349456588,-0.000432360172204219,-0.000394410960292351,-0.000393107888932911,-0.000324741109342828,-0.000331249151227416,-0.000504197226287262,-0.000439355725442436,-0.000408637520878117,-0.000408422115935978,-0.000292442460947919,-0.000210478249495513,-0.000173828731199937,-0.000135015036505057,-8.89183061673289e-05,-1.36156265557279e-05,-4.9291769850212e-05,-0.000110183061073408,-2.91201906959553e-05,7.57452222012195e-05,0.000139374541801934,0.000173525497356296,0.000214240239512577,0.000265177994137749,0.00031075794378971,0.000351016749084683,0.000411449965152557,0.000456540292454722,0.000524821777546335,0.000667332180380713,0.000818360088492217,0.000902114141033933,0.00101190988113822,0.00124964417421243,0.00150841358737117,0.00186960221928994,0.00208853129380818,0.00235577003947769,0.00269777234626876,0.00308831258286693,0.00351693723646102,0.00387877774876361,0.00432960097632431,0.00489292184221252,0.00543094484679288,0.00600382021506429,0.00675897980058129,0.0076640363069965,0.00856593509535429,0.00961901051692976,0.010740949216424,0.0118756562073666,0.0131941971355439,0.0146754839161922,0.0162464776348921,0.0178793780524343,0.0199751849967487,0.0224735455212094,0.0252406671820653,0.0286235238849788,0.0328211005789256,0.0378795748998869,0.0436779808763278,0.0497080323127251,0.0554916668159422,0.060884114671043,0.0664156176322814,0.0712198216153953,0.0757983599308596,0.0809323540247588,0.0883666773715047
"sc-3-27.0m",0.000871045565060582,0.00100758826614292,0.00109877967843084,0.00123693897207745,0.00129435404436037,0.00127166172084137,0.0011918640117278,0.000943557782241479,0.000913930957210857,0.00095482804827333,0.000982240348528566,0.00105657081556341,0.00108541074795202,0.00109352127449101,0.00105713917971099,0.00111999835619409,0.00123383611947728,0.00126934051092639,0.00126793574210975,0.00131325909468967,0.00137607214299004,0.00146248757555662,0.0015657614555329,0.00161976462314431,0.00164013937619009,0.00176620124168843,0.00177160171493715,0.00191135729991747,0.0020313323265846,0.00214176259957211,0.00228765705160344,0.00244780135328779,0.00263489482306937,0.00269741436596794,0.00282256662525713,0.00309914986976587,0.00341180036112742,0.00372771371514028,0.0039239062950918,0.00420134273324631,0.00445974399565241,0.00484463354516253,0.00518962378724958,0.00561606582634576,0.0060826262762013,0.00660174301449911,0.00717939352891783,0.00789501297394111,0.0085478633294626,0.00937890380202187,0.0101710302166519,0.0111629581231698,0.0122853242477191,0.0134587847161644,0.0151172279804726,0.017327526946147,0.0199231442262442,0.0227253225821494,0.0259831737336425,0.0291129119181727,0.0318358880837929,0.0349478383321727,0.0388294580638281,0.043891584067247,0.0495996441170716,0.0555665930356092,0.0615295646940243,0.0670575151115671,0.0725584766460662,0.0776241895677948,0.0830016838631209,0.0888112770202675,0.0970776873548668
"sc-3-29.0m",-0.00102553085928248,-0.000992768510849425,-0.00102985194848235,-0.000987851070386117,-0.00105088137929529,-0.000983784625417074,-0.00101648355030498,-0.000964929167980507,-0.00102411871065769,-0.00100976572743789,-0.000966438548827974,-0.000890603229282539,-0.000858008054092033,-0.00094623569309534,-0.000913952185634953,-0.000931068371137915,-0.000842545847139624,-0.000779754701121175,-0.000774922415787987,-0.000758744127683723,-0.000710536840403633,-0.000573584035406605,-0.000452144113130341,-0.000377582827091694,-0.000355842837042735,-0.000332093618176433,-0.000376957341877659,-0.000363894974477462,-0.000295191706218307,-0.000199314778974125,-0.000140685683665003,4.3806487562521e-05,0.000166603827478062,0.000187090718266184,0.000296590091888012,0.000513464343489193,0.000829785302942076,0.00109695792904389,0.00126503311956557,0.00148926525734716,0.00171896722452383,0.00205896306514916,0.00235019383390703,0.00277309219050536,0.00319279512891971,0.00381557540316502,0.00443170812259846,0.00507351156818778,0.00573677054559965,0.00655137798517241,0.00734643482877132,0.00825458442774782,0.00934486464856022,0.0104500206363984,0.0118033910902934,0.0133124360375698,0.0150507115528927,0.0170706019024169,0.0194195704313294,0.0219305040764266,0.0246322318857324,0.0280532527405525,0.0322138027745768,0.0372415050549538,0.0430254396356886,0.0490672520508213,0.0551843243765971,0.0610270327368231,0.0667560891911435,0.0717787166995362,0.0771278876751144,0.0836886044584986,0.0936589720206003
