"id.lab","date","SRP","NH4_fia","NO3_fia","NO2_fia","DOC","TOC","DIC","TIC","Cl","SO4","NO3_ic","Al_d","B_d","Ca_d","Fe_d","K_d","Mg_d","Mn_d","Na_d","P_d","S_d","Si_d","lake","campaign.no","depth.pre","depth","true.id","T_C","DO_mgL","EC25_uS","BDOC_mgL","CDOC_mgL","HMWS_mgL","BB_mgL","LMWS_mgL","SUVA_hum","SUVA_lcocd","lab_startend","alpha","pH_YSI","conc.CO2.insitu","conc.CO2.insitu.error","conc.CH4.insitu","conc.CH4.insitu.error","alk_ueqiv","conc.CO2.corrected","julian","anox.age.moddelled"
"ar-1 0m",2020-05-26,86,0.04,0,0,7.6,NA,16.6,NA,44.347,77.459,0,0.0035,0.0426,51.745,0.0014,9.1545,9.2925,0.0013,24.75,0.10335,24.855,0,"ar",1," 0m",0,"ar-1-0",NA,NA,NA,6.8,6.798,0.76,5.1,0.94,1.5,1.5,NA,0.0161742020824907,9.4,NA,NA,NA,NA,NA,NA,NA,NA
"ar-1 0m",2020-05-26,86,0.04,0,0,7.6,NA,16.6,NA,44.347,77.459,0,0.0035,0.0426,51.745,0.0014,9.1545,9.2925,0.0013,24.75,0.10335,24.855,0,"ar",1," 0m",0,"ar-1-0",NA,NA,NA,6.8,6.798,0.76,5.1,0.94,1.5,1.5,NA,0.0161742020824907,9.4,NA,NA,NA,NA,NA,NA,NA,NA
"ar-1 5m",2020-05-26,86,0.06,0,0,7.8,NA,16.5,NA,43.821,76.321,0,0.0039,0.04305,51.545,0.0015,9.2235,9.2565,0.0014,24.71,0.10855,25.05,0,"ar",1," 5m",5,"ar-1-5",13.931,11.859,476.424,6.9,7.06,0.796,5.3,0.96,2,1.6,NA,0.015294736504428,9.28,-8.98585305668532,1.11476415083173,0.0380304196531909,0.0190309645246335,0.00145963044656453,2.76655167452338,146,0
"ar-1 5m",2020-05-26,86,0.06,0,0,7.8,NA,16.5,NA,43.821,76.321,0,0.0039,0.04305,51.545,0.0015,9.2235,9.2565,0.0014,24.71,0.10855,25.05,0,"ar",1," 5m",5,"ar-1-5",13.931,11.859,476.424,6.9,7.06,0.796,5.3,0.96,2,1.6,NA,0.015294736504428,9.28,-8.43063741721796,1.1641151404607,0.0359551974413612,0.0182466778424735,0.0014596304467289,2.93970087580087,146,0
"ar-1 20m",2020-05-26,163,0.16,0.41,0.005,7.1,NA,19.2,NA,43.355,75.691,0.421,0.00225,0.042,51.015,0.0012,9.1815,9.105,5e-04,24.35,0.17595,24.59,0,"ar",1," 20m",20,"ar-1-20",6.218,9.777,510.292,NA,NA,NA,NA,NA,NA,NA,NA,0.0161713708594676,7.7,67.2270298262259,4.14788497947389,0.0088411759951695,0.015887966858844,0.00150489276687122,66.030677976435,146,0
"ar-1 20m",2020-05-26,163,0.16,0.41,0.005,7.1,NA,19.2,NA,43.355,75.691,0.421,0.00225,0.042,51.015,0.0012,9.1815,9.105,5e-04,24.35,0.17595,24.59,0,"ar",1," 20m",20,"ar-1-20",6.218,9.777,510.292,NA,NA,NA,NA,NA,NA,NA,NA,0.0161713708594676,7.7,71.6598321825899,4.302305366428,0.016256860851009,0.0164151747895075,0.00150489276687412,70.4584985360592,146,0
"ar-1 30m",2020-05-26,167,0.08,0.49,0.005,7.1,NA,19,NA,43.345,75.581,0.53,0.00255,0.04195,51.18,0.00085,9.296,9.201,5e-04,24.66,0.1779,24.73,0,"ar",1," 30m",30,"ar-1-30",5.71,9.513,512.138,NA,NA,NA,NA,NA,NA,NA,NA,0.0209942119423307,7.6,76.1397489600732,4.47520587056318,0.00145603308355978,0.0153340948958692,0.0014644087587604,75.0445157005166,146,0
"ar-1 30m",2020-05-26,167,0.08,0.49,0.005,7.1,NA,19,NA,43.345,75.581,0.53,0.00255,0.04195,51.18,0.00085,9.296,9.201,5e-04,24.66,0.1779,24.73,0,"ar",1," 30m",30,"ar-1-30",5.71,9.513,512.138,NA,NA,NA,NA,NA,NA,NA,NA,0.0209942119423307,7.6,74.3113874625404,4.47639631732666,0.00148921941392736,0.0154973564397347,0.0014644087587604,73.1990298859075,146,0
"ar-1 40m",2020-05-26,174,0.09,0.52,0.005,7.3,NA,19.3,NA,43.294,75.37,0.549,0.00255,0.0419,51.04,0.00085,9.24,9.114,0.00075,24.4,0.18405,24.66,0,"ar",1," 40m",40,"ar-1-40",5.606,8.252,513.403,NA,NA,NA,NA,NA,NA,NA,NA,0.0417703639401402,7.47,90.6167863971196,5.07553901138874,0.00108862982893374,0.0152089303337292,0.00144852088526493,89.6398595107146,146,0
"ar-1 40m",2020-05-26,174,0.09,0.52,0.005,7.3,NA,19.3,NA,43.294,75.37,0.549,0.00255,0.0419,51.04,0.00085,9.24,9.114,0.00075,24.4,0.18405,24.66,0,"ar",1," 40m",40,"ar-1-40",5.606,8.252,513.403,NA,NA,NA,NA,NA,NA,NA,NA,0.0417703639401402,7.47,89.4953899927658,5.10578054458884,0.00133207811159686,0.0152710612573396,0.00144852088526574,88.4992885427363,146,0
"ar-1 45m",2020-05-26,190,0.17,0.46,0.009,7.4,NA,19.6,NA,43.326,75.328,0.492,0.0026,0.042,50.88,0.00105,9.2515,9.067,0.0023,24.36,0.19875,24.54,0.127666666666667,"ar",1," 45m",45,"ar-1-45",5.593,7.273,514.235,6.6,6.59,0.664,5.02,0.91,1.8,1.7,NA,0.11793067750438,7.39,123.294154813786,6.64279734209476,0.00131498425061266,0.0158118540287744,0.00144176541734215,122.452717680646,146,94
"ar-1 45m",2020-05-26,190,0.17,0.46,0.009,7.4,NA,19.6,NA,43.326,75.328,0.492,0.0026,0.042,50.88,0.00105,9.2515,9.067,0.0023,24.36,0.19875,24.54,0.127666666666667,"ar",1," 45m",45,"ar-1-45",5.593,7.273,514.235,6.6,6.59,0.664,5.02,0.91,1.8,1.7,NA,0.11793067750438,7.39,120.027949640922,6.44849538706173,0.00162238647039314,0.015487750197082,0.00144176541734215,119.180355350327,146,94
"ar-1 46m",2020-05-26,191,0.18,0.46,0.009,7.9,7.6,19.6,NA,43.548,75.6,0.494,0.00285,0.04235,51.265,0.00105,9.407,9.146,0.00195,24.8,0.20255,24.815,0.134533333333333,"ar",1," 46m",46,"ar-1-46",5.584,7.072,514.699,7.35,7.35,0.655,5.2,1.5,1.7,1.5,0.879746835443038,0.198374283757371,7.36,120.903362239564,6.53566115703541,0.00191792653955393,0.0156376448619802,0.00142966544295231,120.056628621241,146,125
"ar-1 46m",2020-05-26,191,0.18,0.46,0.009,7.9,7.6,19.6,NA,43.548,75.6,0.494,0.00285,0.04235,51.265,0.00105,9.407,9.146,0.00195,24.8,0.20255,24.815,0.134533333333333,"ar",1," 46m",46,"ar-1-46",5.584,7.072,514.699,7.35,7.35,0.655,5.2,1.5,1.7,1.5,0.879746835443038,0.198374283757371,7.36,119.446646672093,6.06213892558725,0.00169511764945543,0.0152806230264665,0.00142966544295433,118.573280142914,146,125
"ar-1 48m",2020-05-26,215,0.36,0.39,0.011,7.6,8.1,20.2,NA,43.504,75.454,0.375,0.00305,0.04195,51.105,0.001,9.3985,9.062,0.00605,24.73,0.2239,24.51,0.2846,"ar",1," 48m",48,"ar-1-48",5.576,6.579,516.482,6.99,7.15,0.722,5.07,1.36,1.9,1.5,0.921052631578947,NA,7.08,159.763508736302,8.09088127374149,0.0321259081407827,0.0183464592682446,0.00132356262750338,159.156753624614,146,200
"ar-1 48m",2020-05-26,215,0.36,0.39,0.011,7.6,8.1,20.2,NA,43.504,75.454,0.375,0.00305,0.04195,51.105,0.001,9.3985,9.062,0.00605,24.73,0.2239,24.51,0.2846,"ar",1," 48m",48,"ar-1-48",5.576,6.579,516.482,6.99,7.15,0.722,5.07,1.36,1.9,1.5,0.921052631578947,NA,7.08,155.469365185067,7.35035510855127,0.0308411499558965,0.0181817329815873,0.00132356262750371,154.854063247409,146,200
"sc-1 1m",2020-05-28,0,0.0145,0.0056,0,6.5,NA,23.8,NA,30.329,61.886,0,0.0024,0.0249,58.23,0.00235,2.926,8.3615,0.0073,15.67,0.00965,20.08,0,"sc",1," 1m",1,"sc-1-1",17.325,10.661,431.037,5.7,5.8,1.3,3.9,0.67,1.6,1.5,NA,0.116899552696514,8.49,9.68077286625676,1.58407475276671,0.248104134090836,0.0425279096995935,0.00199013813633324,11.937974213025,NA,NA
"sc-1 1m",2020-05-28,0,0.0145,0.0056,0,6.5,NA,23.8,NA,30.329,61.886,0,0.0024,0.0249,58.23,0.00235,2.926,8.3615,0.0073,15.67,0.00965,20.08,0,"sc",1," 1m",1,"sc-1-1",17.325,10.661,431.037,5.7,5.8,1.3,3.9,0.67,1.6,1.5,NA,0.116899552696514,8.49,9.3677985060496,1.57036704881827,0.234447482638138,0.0418718338619601,0.00199013813625111,11.8149287248844,NA,NA
"sc-1 7m",2020-05-28,0,0.036,0.0025,0,6.2,NA,24.1,NA,30.167,61.634,0,0.0027,0.02475,58.2,0.0018,2.8945,8.353,0.00465,15.61,0.00985,19.94,0,"sc",1," 7m",7,"sc-1-7",15.877,10.425,437.551,5.4,5.9,1.3,3.9,0.7,1.6,1.6,NA,0.0741322110796626,8.15,16.6001358042148,1.98066715719846,0.3437172382261,0.0548647473899768,0.00198280055275822,16.7545474399437,NA,NA
"sc-1 7m",2020-05-28,0,0.036,0.0025,0,6.2,NA,24.1,NA,30.167,61.634,0,0.0027,0.02475,58.2,0.0018,2.8945,8.353,0.00465,15.61,0.00985,19.94,0,"sc",1," 7m",7,"sc-1-7",15.877,10.425,437.551,5.4,5.9,1.3,3.9,0.7,1.6,1.6,NA,0.0741322110796626,8.15,16.5893406021796,1.93415438105492,0.33383164024228,0.0536287955423357,0.00198280055273088,16.8042810318761,NA,NA
"sc-1 10m",2020-05-28,5,0.068,0.0071,0,6.2,NA,26.1,NA,30.1,61.121,0,0.0021,0.02475,59.385,0.0016,2.925,8.2885,0.0011,15.48,0.0108,19.73,0.2433,"sc",1," 10m",10,"sc-1-10",10.89,5.443,457.396,NA,NA,NA,NA,NA,NA,NA,NA,0.0688145791673456,7.57,97.200713940825,5.35452905351328,0.0626869953477587,0.0211771171766752,0.0020224026932852,94.9573933964195,148,73
"sc-1 10m",2020-05-28,5,0.068,0.0071,0,6.2,NA,26.1,NA,30.1,61.121,0,0.0021,0.02475,59.385,0.0016,2.925,8.2885,0.0011,15.48,0.0108,19.73,0.2433,"sc",1," 10m",10,"sc-1-10",10.89,5.443,457.396,NA,NA,NA,NA,NA,NA,NA,NA,0.0688145791673456,7.57,96.7669960702274,5.14335191745604,0.0639022678711626,0.0215823151640888,0.0020224026932927,94.4858855014615,148,73
"sc-1 15m",2020-05-28,23,0.0885,0.0136,0,5.8,NA,27.4,NA,29.929,60.7,0,0.00205,0.0244,60.06,0.0018,2.8775,8.1785,0.02475,15.28,0.02895,19.45,0.4658,"sc",1," 15m",15,"sc-1-15",8.14,4.009,469.535,NA,NA,NA,NA,NA,NA,NA,NA,0.0706209492688893,7.43,145.061330911977,7.17751100143002,0.0234179147700465,0.0170755671298998,0.00205167599198805,143.314890035679,148,71
"sc-1 15m",2020-05-28,23,0.0885,0.0136,0,5.8,NA,27.4,NA,29.929,60.7,0,0.00205,0.0244,60.06,0.0018,2.8775,8.1785,0.02475,15.28,0.02895,19.45,0.4658,"sc",1," 15m",15,"sc-1-15",8.14,4.009,469.535,NA,NA,NA,NA,NA,NA,NA,NA,0.0706209492688893,7.43,143.995080696584,7.14016842096564,0.017673905551043,0.0160258756063194,0.00205167599198205,142.269494288547,148,71
"sc-1 20m",2020-05-28,42,0.126,0.0357,0,5.9,NA,27.7,NA,29.956,60.343,0,0.004,0.0245,60.365,0.00115,2.9195,8.258,0.1386,15.53,0.048,19.29,0.585733333333333,"sc",1," 20m",20,"sc-1-20",7.281,3.752,473.233,NA,NA,NA,NA,NA,NA,NA,NA,0.0896744695269893,7.39,148.943365702511,7.50426794206429,0.0161657067414547,0.0165598139867442,0.00204848728701425,147.28570121657,148,94
"sc-1 20m",2020-05-28,42,0.126,0.0357,0,5.9,NA,27.7,NA,29.956,60.343,0,0.004,0.0245,60.365,0.00115,2.9195,8.258,0.1386,15.53,0.048,19.29,0.585733333333333,"sc",1," 20m",20,"sc-1-20",7.281,3.752,473.233,NA,NA,NA,NA,NA,NA,NA,NA,0.0896744695269893,7.39,152.605868515627,7.51089124866865,0.0146590970649191,0.0163742039212142,0.00204848728700908,151.002228781955,148,94
"sc-1 25m",2020-05-28,60,0.161,0.0474,0,5.9,6.2,27.9,NA,29.908,60.037,0.047,0.004,0.02445,59.95,0.0014,2.896,8.221,0.22525,15.43,0.06595,19.26,0.639166666666667,"sc",1," 25m",25,"sc-1-25",7.111,3.456,473.772,5.1,5.4,0.87,3.7,0.83,2.1,1.6,NA,0.18194941031293,7.36,163.711037188052,7.90048330985386,0.0444126175010808,0.0200933024394604,0.00204555661043882,162.268972442179,148,142
"sc-1 25m",2020-05-28,60,0.161,0.0474,0,5.9,6.2,27.9,NA,29.908,60.037,0.047,0.004,0.02445,59.95,0.0014,2.896,8.221,0.22525,15.43,0.06595,19.26,0.639166666666667,"sc",1," 25m",25,"sc-1-25",7.111,3.456,473.772,5.1,5.4,0.87,3.7,0.83,2.1,1.6,NA,0.18194941031293,7.36,163.185390740806,7.85211764629875,0.0445632659785666,0.0200687961616001,0.00204555661043667,161.745367542661,148,142
"sc-1 27m",2020-05-28,64,0.189,0.04425,0,5.9,6,27.9,NA,29.963,60.027,0,0.0021,0.0245,60.395,0.0015,2.9455,8.208,0.26215,15.53,0.06985,19.225,0.658,"sc",1," 27m",27,"sc-1-27",6.991,2.891,475.83,5.2,5.2,0.9,3.7,0.61,2.3,1.6,0.906779661016949,0.405925030955481,7.33,163.209652231202,7.93609061958952,0.312477758663491,0.0498621101407166,0.0020271860139642,161.813761025249,148,169
"sc-1 27m",2020-05-28,64,0.189,0.04425,0,5.9,6,27.9,NA,29.963,60.027,0,0.0021,0.0245,60.395,0.0015,2.9455,8.208,0.26215,15.53,0.06985,19.225,0.658,"sc",1," 27m",27,"sc-1-27",6.991,2.891,475.83,5.2,5.2,0.9,3.7,0.61,2.3,1.6,0.906779661016949,0.405925030955481,7.33,161.15830799935,7.67602643469416,0.298970827732911,0.0492261307284742,0.00202718601396226,159.755056582123,148,169
"sc-1 28m",2020-05-28,74,0.202,0.04465,0,5.9,6.4,27.8,NA,29.744,59.62,0,0.00205,0.0241,60.04,0.0013,2.925,8.157,0.338,15.44,0.0782,19.045,0.695766666666667,"sc",1," 28m",28,"sc-1-28",6.976,2.134,476.497,5.1,5.3,0.88,3.8,0.65,1.99,1.6,0.923728813559322,2,7.32,162.889586926988,8.05008515889384,0.670070461423799,0.090780097504121,0.00201377858992345,161.483601958465,148,183
"sc-1 28m",2020-05-28,74,0.202,0.04465,0,5.9,6.4,27.8,NA,29.744,59.62,0,0.00205,0.0241,60.04,0.0013,2.925,8.157,0.338,15.44,0.0782,19.045,0.695766666666667,"sc",1," 28m",28,"sc-1-28",6.976,2.134,476.497,5.1,5.3,0.88,3.8,0.65,1.99,1.6,0.923728813559322,2,7.32,163.807200703366,8.03604085027431,0.711696656249344,0.0960582510272785,0.0020137785899241,162.413496618704,148,183
"hs-1 1m",2020-06-04,0,0.01,0,0,7.7,NA,30.3,NA,27.098,33.231,0,0.0084,0.03265,51.6533333333333,0.00225,4.941,8.471,0.01125,15.41,0.0144666666666667,10.555,0.0578333333333333,"hs",1," 1m",1,"hs-1-1",18.974,9.98,402.061,7.3,7.5,1.55,4.79,1.16,1.9,1.5,NA,0.132624485419548,8.44,19.7279009670177,2.05771530047215,0.603060162940187,0.0818162802013707,0.00253010029553528,18.3984132885403,NA,NA
"hs-1 1m",2020-06-04,0,0.01,0,0,7.7,NA,30.3,NA,27.098,33.231,0,0.0084,0.03265,51.6533333333333,0.00225,4.941,8.471,0.01125,15.41,0.0144666666666667,10.555,0.0578333333333333,"hs",1," 1m",1,"hs-1-1",18.974,9.98,402.061,7.3,7.5,1.55,4.79,1.16,1.9,1.5,NA,0.132624485419548,8.44,19.8479165003527,2.06539081497823,0.600163012090855,0.0845107663432138,0.00253010029553528,18.4921884748649,NA,NA
"hs-1 4.5",2020-06-04,0,0.01,0,0,7.9,NA,30.8,NA,26.89,33.049,0,0.0074,0.03225,51.73,0.00215,4.881,8.465,0.01495,15.16,0.0152333333333333,10.42,0.0649666666666667,"hs",1," 4,5",4.5,"hs-1-4.5",16.501,9.051,407.239,NA,NA,NA,NA,NA,NA,NA,NA,0.115807567942442,8.14,30.9923981822281,2.53201091052397,1.02567353026664,0.132034941142014,0.00253366126220107,27.5082611739887,NA,NA
"hs-1 4.5",2020-06-04,0,0.01,0,0,7.9,NA,30.8,NA,26.89,33.049,0,0.0074,0.03225,51.73,0.00215,4.881,8.465,0.01495,15.16,0.0152333333333333,10.42,0.0649666666666667,"hs",1," 4,5",4.5,"hs-1-4.5",16.501,9.051,407.239,NA,NA,NA,NA,NA,NA,NA,NA,0.115807567942442,8.14,30.8803193519449,2.41985115646712,0.961253222988139,0.125827712804494,0.00253366126219323,27.4022229880401,NA,NA
"hs-1 6m",2020-06-04,4,0.02,0,0,7.2,NA,32.7,NA,26.807,32.337,0,0.0063,0.03175,52.9733333333333,0.0019,4.9445,8.4315,0.00615,15.32,0.0159,10.237,0.1517,"hs",1," 6m",6,"hs-1-6",12.821,5.326,422.756,NA,NA,NA,NA,NA,NA,NA,NA,0.128885465297115,7.39,137.394008932679,7.00534710156354,0.514944643609897,0.0757465413469983,0.0024571259792884,134.489326500287,155,0
"hs-1 6m",2020-06-04,4,0.02,0,0,7.2,NA,32.7,NA,26.807,32.337,0,0.0063,0.03175,52.9733333333333,0.0019,4.9445,8.4315,0.00615,15.32,0.0159,10.237,0.1517,"hs",1," 6m",6,"hs-1-6",12.821,5.326,422.756,NA,NA,NA,NA,NA,NA,NA,NA,0.128885465297115,7.39,139.039507906013,6.78967238021073,0.50774009307631,0.0734471526479572,0.00245712597928959,136.119127101764,155,0
"hs-1 7m",2020-06-04,10,0.03,0,0,7,NA,35.6,NA,26.736,31.92,0,0.0049,0.03135,54.1366666666667,0.00145,4.941,8.39,0.00475,15.235,0.0212,9.964,0.292933333333333,"hs",1," 7m",7,"hs-1-7",11.039,0.603,432.923,NA,NA,NA,NA,NA,NA,NA,NA,0.146251050417113,7.35,214.342226555664,9.99183756699511,0.185038696337157,0.0372660403939433,0.00263568606383166,212.090229594907,155,0
"hs-1 7m",2020-06-04,10,0.03,0,0,7,NA,35.6,NA,26.736,31.92,0,0.0049,0.03135,54.1366666666667,0.00145,4.941,8.39,0.00475,15.235,0.0212,9.964,0.292933333333333,"hs",1," 7m",7,"hs-1-7",11.039,0.603,432.923,NA,NA,NA,NA,NA,NA,NA,NA,0.146251050417113,7.35,213.279975279972,9.43588028123385,0.179995263006684,0.0368899181600735,0.00263568606383069,211.00546361758,155,0
"hs-1 8m",2020-06-04,13,0.05,0,0,6.9,NA,35.2,NA,26.462,31.349,0,0.00445,0.03175,54.7566666666667,0.00115,4.9595,8.341,0.10475,15.19,0.0218,9.8775,0.405,"hs",1," 8m",8,"hs-1-8",9.678,0.126,443.532,NA,NA,NA,NA,NA,NA,NA,NA,0.178853948600445,7.36,239.279898994574,10.9803532621002,3.27998412682517,0.381555997328616,0.00260199138968989,237.378255537977,155,0
"hs-1 8m",2020-06-04,13,0.05,0,0,6.9,NA,35.2,NA,26.462,31.349,0,0.00445,0.03175,54.7566666666667,0.00115,4.9595,8.341,0.10475,15.19,0.0218,9.8775,0.405,"hs",1," 8m",8,"hs-1-8",9.678,0.126,443.532,NA,NA,NA,NA,NA,NA,NA,NA,0.178853948600445,7.36,236.193678817597,10.8774166561241,3.36918122930698,0.380084360036023,0.00260199138969079,234.244994016572,155,0
"hs-1 9m",2020-06-04,62,0.42,0,0,6.8,8.5,37.1,NA,26.534,29.775,0,0.00555,0.03185,56,0.00555,4.984,8.341,1.1575,15.17,0.0721333333333333,9.937,0.534433333333333,"hs",1," 9m",9,"hs-1-9",9.021,0.037,450.614,6.65,6.76,1.09,4.58,1.096,2.3,1.7,0.963235294117647,0.249306293810377,7.32,229.140994991421,10.2098858881751,52.1495118953512,4.98764473988222,0.0027067007169169,227.09392846152,155,0
"hs-1 9m",2020-06-04,62,0.42,0,0,6.8,8.5,37.1,NA,26.534,29.775,0,0.00555,0.03185,56,0.00555,4.984,8.341,1.1575,15.17,0.0721333333333333,9.937,0.534433333333333,"hs",1," 9m",9,"hs-1-9",9.021,0.037,450.614,6.65,6.76,1.09,4.58,1.096,2.3,1.7,0.963235294117647,0.249306293810377,7.32,228.710003712989,10.3867184445388,53.0948041278035,5.031597238956,0.0027067007169192,226.615241045757,155,0
"hs-1 10m",2020-06-04,92,0.61,0,0,7,8,NA,NA,26.587,28.579,0,0.00615,0.0319,56.0833333333333,0.01145,4.9995,8.295,1.308,15.075,0.103766666666667,9.9565,0.5993,"hs",1," 10m",10,"hs-1-10",8.744,0.03,454.186,6.81,6.59,0.99,4.6,0.99,2.4,1.6,0.921428571428571,0.488034124187255,7.27,241.24114124016,10.5086481717031,75.0086867094503,6.85370326227586,NA,NA,155,43
"hs-1 10m",2020-06-04,92,0.61,0,0,7,8,NA,NA,26.587,28.579,0,0.00615,0.0319,56.0833333333333,0.01145,4.9995,8.295,1.308,15.075,0.103766666666667,9.9565,0.5993,"hs",1," 10m",10,"hs-1-10",8.744,0.03,454.186,6.81,6.59,0.99,4.6,0.99,2.4,1.6,0.921428571428571,0.488034124187255,7.27,243.380492375242,11.1317440850591,75.9398766704604,7.05160869052085,NA,NA,155,43
"hs-1 11m",2020-06-04,149,0.97,0,0,7,8.3,39.3,NA,26.662,26.695,0,0.00545,0.0318,56.69,0.02965,5.0965,8.3695,1.411,15.3,0.160666666666667,11.24,0.6913,"hs",1," 11m",11,"hs-1-11",8.505,0.021,458.521,6.66,6.62,0.988,4.697,1.13,2.4,1.8,0.907142857142857,2,7.25,273.907596799362,12.1608761487411,112.03238019293,10.3231208298321,0.00280017522020361,271.980259311229,155,126
"hs-1 11m",2020-06-04,149,0.97,0,0,7,8.3,39.3,NA,26.662,26.695,0,0.00545,0.0318,56.69,0.02965,5.0965,8.3695,1.411,15.3,0.160666666666667,11.24,0.6913,"hs",1," 11m",11,"hs-1-11",8.505,0.021,458.521,6.66,6.62,0.988,4.697,1.13,2.4,1.8,0.907142857142857,2,7.25,272.423048855974,11.7426002048591,109.957425778821,9.99161399319655,0.00280017522020497,270.453178243467,155,126
"gg-1 1m",2020-06-05,0,0.01,0,0,6.8,NA,19.8,NA,72.034,40.531,0,0.00465,0.0424,55.0966666666667,0.0022,11.745,7.5005,0.00525,21.77,0.00856666666666667,12.545,0.00143333333333333,"gg",1," 1m",1,"gg-1-1",19.501,9.966,493.464,6.5,6.4,0.98,4.67,0.78,1.6,1.4,NA,0.0647351723578865,8.56,6.10851628246035,1.48813897770544,1.16290028754071,0.140690380562707,0.00166271064915092,9.64506124710621,NA,NA
"gg-1 1m",2020-06-05,0,0.01,0,0,6.8,NA,19.8,NA,72.034,40.531,0,0.00465,0.0424,55.0966666666667,0.0022,11.745,7.5005,0.00525,21.77,0.00856666666666667,12.545,0.00143333333333333,"gg",1," 1m",1,"gg-1-1",19.501,9.966,493.464,6.5,6.4,0.98,4.67,0.78,1.6,1.4,NA,0.0647351723578865,8.56,6.13069575909121,1.46070110098936,1.16755619821255,0.154983368650061,0.00166271064913177,9.68236843321904,NA,NA
"gg-1 5.5m",2020-06-05,0,0,0,0,6.7,NA,20.2,NA,72.23,40.602,0,0.00515,0.04225,55.48,0.0024,11.71,7.558,0.00935,21.735,0.00906666666666667,12.48,0.0235333333333333,"gg",1," 5,5m",5.5,"gg-1-5.5",16.906,9.903,505.507,6.4,6.5,0.97,4.62,0.92,1.6,1.4,NA,0.10583288378198,8.21,9.26176214437021,1.58914035106201,1.86961768202007,0.219426392345849,0.00166784732409171,11.5210145664251,NA,NA
"gg-1 5.5m",2020-06-05,0,0,0,0,6.7,NA,20.2,NA,72.23,40.602,0,0.00515,0.04225,55.48,0.0024,11.71,7.558,0.00935,21.735,0.00906666666666667,12.48,0.0235333333333333,"gg",1," 5,5m",5.5,"gg-1-5.5",16.906,9.903,505.507,6.4,6.5,0.97,4.62,0.92,1.6,1.4,NA,0.10583288378198,8.21,9.22098819615419,1.6048763334021,1.87714524346815,0.227351113083449,0.00166784732406604,11.5351891132245,NA,NA
"gg-1 7m",2020-06-05,8,0.01,0,0,6.7,NA,23,NA,71.51,39.337,0,0.00365,0.042,57.7966666666667,0.01445,11.78,7.491,0.1138,21.645,0.0156333333333333,12.145,0.4496,"gg",1," 7m",7,"gg-1-7",13.027,5.681,525.568,NA,NA,NA,NA,NA,NA,NA,NA,0.29173332954957,7.6,79.0219865052129,4.72715808123862,2.30785218743388,0.273913982890468,0.00179760510658138,76.9560350042519,156,0
"gg-1 7m",2020-06-05,8,0.01,0,0,6.7,NA,23,NA,71.51,39.337,0,0.00365,0.042,57.7966666666667,0.01445,11.78,7.491,0.1138,21.645,0.0156333333333333,12.145,0.4496,"gg",1," 7m",7,"gg-1-7",13.027,5.681,525.568,NA,NA,NA,NA,NA,NA,NA,NA,0.29173332954957,7.6,73.6510454499945,4.04054223311238,2.26248071086119,0.275780435199601,0.00179760510657968,71.5389228601136,156,0
"gg-1 8m",2020-06-05,28,0.07,0,0,6.5,NA,23.6,NA,71.376,39.221,0,0.0042,0.04195,58.28,0.04985,11.875,7.485,0.2258,21.61,0.0358333333333333,12.16,0.832533333333333,"gg",1," 8m",8,"gg-1-8",11.544,1.774,535.83,6.2,6.3,0.81,4.57,0.98,1.6,1.6,NA,0.427889117938074,7.41,109.927755533412,5.88270196757977,2.06773023148852,0.250154447035762,0.00177536431422253,108.337465306731,156,69
"gg-1 8m",2020-06-05,28,0.07,0,0,6.5,NA,23.6,NA,71.376,39.221,0,0.0042,0.04195,58.28,0.04985,11.875,7.485,0.2258,21.61,0.0358333333333333,12.16,0.832533333333333,"gg",1," 8m",8,"gg-1-8",11.544,1.774,535.83,6.2,6.3,0.81,4.57,0.98,1.6,1.6,NA,0.427889117938074,7.41,111.178995978506,5.9990888785136,2.09376288389941,0.260928448520524,0.00177536431422253,109.584848849129,156,69
"gg-1 9m",2020-06-05,38,0.18,0.01,0,6.4,6.5,26.1,NA,71.277,38.617,0,0.0042,0.04135,60.2933333333333,0.17505,11.99,7.5545,0.50065,21.66,0.0557666666666667,11.925,1.58866666666667,"gg",1," 9m",9,"gg-1-9",11.063,0.601,540.598,6.1,6.2,0.6,4.59,1,1.7,1.7,1.015625,0.536524216226512,7.34,217.119484759127,9.75121694171618,4.37926239380727,0.49193702649031,0.00192744521924074,216.037776500042,156,115
"gg-1 9m",2020-06-05,38,0.18,0.01,0,6.4,6.5,26.1,NA,71.277,38.617,0,0.0042,0.04135,60.2933333333333,0.17505,11.99,7.5545,0.50065,21.66,0.0557666666666667,11.925,1.58866666666667,"gg",1," 9m",9,"gg-1-9",11.063,0.601,540.598,6.1,6.2,0.6,4.59,1,1.7,1.7,1.015625,0.536524216226512,7.34,219.47877267686,10.4361445267455,4.44744346353654,0.506521952532454,0.00192744521924,218.400681212216,156,115
"gg-1 9.5m",2020-06-05,39,0.2,0.01,0,6.4,6.4,26.5,NA,71.146,38.448,0,0.00405,0.0413,60.51,0.17735,11.925,7.6055,0.5792,21.57,0.0512333333333333,12.01,1.73366666666667,"gg",1," 9,5m",9.5,"gg-1-9.5",10.646,0.02,652.672,6.1,6.3,0.6,4.7,0.97,1.6,1.7,NA,0.536524216226512,7.55,211.392400688883,9.77697602814141,3.32038090598919,0.368027490703728,0.00204545917053004,210.130759467827,NA,NA
"gg-1 9.5m",2020-06-05,39,0.2,0.01,0,6.4,6.4,26.5,NA,71.146,38.448,0,0.00405,0.0413,60.51,0.17735,11.925,7.6055,0.5792,21.57,0.0512333333333333,12.01,1.73366666666667,"gg",1," 9,5m",9.5,"gg-1-9.5",10.646,0.02,652.672,6.1,6.3,0.6,4.7,0.97,1.6,1.7,NA,0.536524216226512,7.55,206.946634057016,9.7001534332351,3.158394380672,0.365194748571684,0.00204545917053004,205.651709220052,NA,NA
"st-1- 1m",2020-06-08,3,0.0185,0,0,4.8,NA,19.1,NA,14.014,32.731,0,0.0037,0.0109,43.665,8e-04,1.5805,3.142,0.0012,8.5595,0.0122,10.48,0.2434,"st",1,"- 1m",1,"st-1-1",16.953,12.626,279.346,4.7,4.6,0.74,3.1,0.82,1.4,1.5,NA,0.0464447252023449,8.96,-5.16053664486015,1.11601270730092,0.320104999679805,0.0501127659860512,0.00164023454299591,4.10998803484901,NA,NA
"st-1- 1m",2020-06-08,3,0.0185,0,0,4.8,NA,19.1,NA,14.014,32.731,0,0.0037,0.0109,43.665,8e-04,1.5805,3.142,0.0012,8.5595,0.0122,10.48,0.2434,"st",1,"- 1m",1,"st-1-1",16.953,12.626,279.346,4.7,4.6,0.74,3.1,0.82,1.4,1.5,NA,0.0464447252023449,8.96,-5.33282590293106,1.12108299262535,0.31754855504604,0.0527125316367708,0.00164023454285997,4.08709204427984,NA,NA
"st-1- 8.5m",2020-06-08,17.5,0.0125,0,0,4.3,NA,20.1,NA,13.861,32.604,0,0.00355,0.0108,43.765,0.00085,1.5685,3.158,5e-04,8.5505,0.0247,10.44,0.3041,"st",1,"- 8,5m",8.5,"st-1-8.5",11.786,12.361,291.392,4.5,4.4,0.53,3.1,0.86,1.4,1.4,NA,0.0331061078294602,8.54,2.65961748347218,1.32456193850181,0.288210955742128,0.0479446275777063,0.00167980299067663,7.9766218249802,NA,NA
"st-1- 8.5m",2020-06-08,17.5,0.0125,0,0,4.3,NA,20.1,NA,13.861,32.604,0,0.00355,0.0108,43.765,0.00085,1.5685,3.158,5e-04,8.5505,0.0247,10.44,0.3041,"st",1,"- 8,5m",8.5,"st-1-8.5",11.786,12.361,291.392,4.5,4.4,0.53,3.1,0.86,1.4,1.4,NA,0.0331061078294602,8.54,3.6142590702552,1.4350155254357,0.270918580247064,0.044974514533681,0.00167980299066241,8.48718436749003,NA,NA
"st-1- 16m",2020-06-08,36,0.011,0,0,4.2,NA,21.2,NA,13.702,31.992,0,0.007,0.0106,43.89,8e-04,1.5815,3.164,3e-04,8.5545,0.0417666666666667,10.305,0.569266666666667,"st",1,"- 16m",16,"st-1-16",6.296,10.677,303.724,NA,NA,NA,NA,NA,NA,NA,NA,0.027006775981869,7.7,52.123758591496,3.38249566081488,0.0459560604874172,0.0196057591357538,0.00166187046610281,50.5862747108861,159,0
"st-1- 16m",2020-06-08,36,0.011,0,0,4.2,NA,21.2,NA,13.702,31.992,0,0.007,0.0106,43.89,8e-04,1.5815,3.164,3e-04,8.5545,0.0417666666666667,10.305,0.569266666666667,"st",1,"- 16m",16,"st-1-16",6.296,10.677,303.724,NA,NA,NA,NA,NA,NA,NA,NA,0.027006775981869,7.7,51.7214934818739,3.50921740341848,0.0176838365941469,0.0167606222890351,0.00166187046609986,50.1919071798279,159,0
"st-1- 20m",2020-06-08,43,0.024,0,0,4.1,NA,21.6,NA,13.75,32.25,0,0.006,0.01055,44.325,7e-04,1.608,3.162,4e-04,8.5775,0.0494666666666667,10.27,0.607933333333333,"st",1,"- 20m",20,"st-1-20",5.911,8.98,304.895,NA,NA,NA,NA,NA,NA,NA,NA,0.0255087199620106,7.54,94.350288681467,5.34901994090291,0.0147313502082589,0.016764224247445,0.00164693445842994,93.0634686595592,159,0
"st-1- 20m",2020-06-08,43,0.024,0,0,4.1,NA,21.6,NA,13.75,32.25,0,0.006,0.01055,44.325,7e-04,1.608,3.162,4e-04,8.5775,0.0494666666666667,10.27,0.607933333333333,"st",1,"- 20m",20,"st-1-20",5.911,8.98,304.895,NA,NA,NA,NA,NA,NA,NA,NA,0.0255087199620106,7.54,96.0422441697971,5.32142739018079,0.0170506137380902,0.017467188951012,0.00164693445842994,94.7554987380669,159,0
"st-1- 25m",2020-06-08,51,0.0705,0,0,4.3,NA,21.8,NA,13.744,31.739,0,0.007,0.0102,44.3,0.00065,1.6165,3.16,0.00085,8.5555,0.0573666666666667,10.235,0.633733333333333,"st",1,"- 25m",25,"st-1-25",5.778,8.389,305.578,NA,NA,NA,NA,NA,NA,NA,NA,0.0245329584713649,7.43,114.662070795278,6.11877500091887,0.0420337486331481,0.0194845481323471,0.00162131181237986,113.601859289588,159,0
"st-1- 25m",2020-06-08,51,0.0705,0,0,4.3,NA,21.8,NA,13.744,31.739,0,0.007,0.0102,44.3,0.00065,1.6165,3.16,0.00085,8.5555,0.0573666666666667,10.235,0.633733333333333,"st",1,"- 25m",25,"st-1-25",5.778,8.389,305.578,NA,NA,NA,NA,NA,NA,NA,NA,0.0245329584713649,7.43,112.603775956245,6.05903276009469,0.0232985235091633,0.0177581073044715,0.00162131181238057,111.516993179379,159,0
"st-1- 30m",2020-06-08,64,0.144,0,0,4.4,NA,22.4,NA,13.743,32.154,0,0.007,0.0103,44.06,7e-04,1.6055,3.157,0.00465,8.5765,0.0711333333333333,10.325,0.723666666666667,"st",1,"- 30m",30,"st-1-30",5.773,6.707,307.17,4.3,4.1,0.399,2.9,0.795,1.3,1.5,NA,0.0243706156729653,7.32,142.892027598424,7.29872021016991,0.256380264500579,0.0441607381372956,0.00161553009741832,141.949200827391,159,0
"st-1- 30m",2020-06-08,64,0.144,0,0,4.4,NA,22.4,NA,13.743,32.154,0,0.007,0.0103,44.06,7e-04,1.6055,3.157,0.00465,8.5765,0.0711333333333333,10.325,0.723666666666667,"st",1,"- 30m",30,"st-1-30",5.773,6.707,307.17,4.3,4.1,0.399,2.9,0.795,1.3,1.5,NA,0.0243706156729653,7.32,140.380195133198,7.34451043354983,0.219485798106042,0.0393933570237158,0.00161553009742007,139.403463498201,159,0
"st-1- 33m",2020-06-08,75,0.2195,0,0,4.3,NA,22.6,NA,13.775,32.192,0,0.007,0.0103,44.015,0.00125,1.633,3.181,0.02535,8.5285,0.0820333333333333,10.255,0.786666666666667,"st",1,"- 33m",33,"st-1-33",5.77,6.772,307.305,3.978,3.99,0.45,2.9,0.64,1.5,1.6,NA,0.0246439826219392,7.27,159.595810459586,7.70473873678384,1.45438536929593,0.178031211960743,0.00160352961158006,158.741977209016,159,0
"st-1- 33m",2020-06-08,75,0.2195,0,0,4.3,NA,22.6,NA,13.775,32.192,0,0.007,0.0103,44.015,0.00125,1.633,3.181,0.02535,8.5285,0.0820333333333333,10.255,0.786666666666667,"st",1,"- 33m",33,"st-1-33",5.77,6.772,307.305,3.978,3.99,0.45,2.9,0.64,1.5,1.6,NA,0.0246439826219392,7.27,159.409528366094,8.1509120799122,1.36561921604346,0.175685049521327,0.00160352961157906,158.554773458078,159,0
"st-1- 35m",2020-06-08,78,0.2515,0,0,4.1,5.4,22.8,NA,13.602,31.774,0,0.006,0.01,43.885,0.00095,1.5915,3.145,0.0225,8.4945,0.0869333333333333,10.175,0.800966666666667,"st",1,"- 35m",35,"st-1-35",5.77,6.772,307.305,3.92,3.9,0.45,2.9,0.54,1.3,1.6,0.975609756097561,0.0249894562671748,6.7,166.244223823491,8.40472068615772,1.04694693367371,0.134578592421828,0.00115265058627738,165.799348031997,159,0
"st-1- 35m",2020-06-08,78,0.2515,0,0,4.1,5.4,22.8,NA,13.602,31.774,0,0.006,0.01,43.885,0.00095,1.5915,3.145,0.0225,8.4945,0.0869333333333333,10.175,0.800966666666667,"st",1,"- 35m",35,"st-1-35",5.77,6.772,307.305,3.92,3.9,0.45,2.9,0.54,1.3,1.6,0.975609756097561,0.0249894562671748,6.7,163.593258629376,8.24290443796991,0.860010505803591,0.114033646228261,0.00115265058627764,163.13505634732,159,0
"st-1- 36m",2020-06-08,80,0.2605,0,0,4.2,4.8,22.6,NA,13.703,32.077,0,0.0031,0.0099,44.045,0.001,1.6075,3.166,0.0403,8.543,0.0910666666666667,10.185,0.818833333333333,"st",1,"- 36m",36,"st-1-36",5.77,6.772,307.305,3.89,4.1,0.47,2.9,0.66,1.9,1.6,0.928571428571428,0.0252148779123249,6.7,165.830930992067,8.01563653398932,1.08241281013566,0.138380535385444,0.00114253961622221,165.369187251181,159,0
"st-1- 36m",2020-06-08,80,0.2605,0,0,4.2,4.8,22.6,NA,13.703,32.077,0,0.0031,0.0099,44.045,0.001,1.6075,3.166,0.0403,8.543,0.0910666666666667,10.185,0.818833333333333,"st",1,"- 36m",36,"st-1-36",5.77,6.772,307.305,3.89,4.1,0.47,2.9,0.66,1.9,1.6,0.928571428571428,0.0252148779123249,6.7,162.657107082351,7.78496838823005,1.06404114932025,0.137966732157939,0.00114253961622221,162.184918304586,159,0
"fukuNO-1- 1m",2020-06-09,0,0.0305,0,0,15.7,NA,0.4,NA,3.603,0.754,0,0.0439,0.00975,2.1145,0.04225,1.131,0.6728,0.0308,1.9305,0.0113333333333333,0.5072,0.148233333333333,"fukuno",1,"- 1m",1,"fukuno-1-1",17.446,9.753,28.595,16.4,16.8,1.77,12.5,2.5,4.2,3,NA,0.189495133305623,6.16,205.22260566274,9.10497470408562,2.06497012938121,0.246428604087173,1.26322078983683e-05,203.432021025301,160,0
"fukuNO-1- 1m",2020-06-09,0,0.0305,0,0,15.7,NA,0.4,NA,3.603,0.754,0,0.0439,0.00975,2.1145,0.04225,1.131,0.6728,0.0308,1.9305,0.0113333333333333,0.5072,0.148233333333333,"fukuno",1,"- 1m",1,"fukuno-1-1",17.446,9.753,28.595,16.4,16.8,1.77,12.5,2.5,4.2,3,NA,0.189495133305623,6.16,206.057455251294,9.79392279914314,2.00260547896751,0.249741658366549,1.26322078983683e-05,204.271667930223,160,0
"fukuNO-1- 2m",2020-06-09,4,0.011,0,0,15.3,NA,0.7,NA,3.59,0.63,0,0.0465,0.00925,1.952,0.05705,1.127,0.6389,0.06355,1.8145,0.00906666666666667,0.49495,0.296333333333333,"fukuno",1,"- 2m",2,"fukuno-1-2",11.878,10.499,28.9,NA,NA,NA,NA,NA,NA,NA,NA,0.245162367694843,5.34,407.716926482798,16.5494577905133,5.4995172017965,0.613454253669946,4.29810190020553e-06,404.740355696653,160,0
"fukuNO-1- 2m",2020-06-09,4,0.011,0,0,15.3,NA,0.7,NA,3.59,0.63,0,0.0465,0.00925,1.952,0.05705,1.127,0.6389,0.06355,1.8145,0.00906666666666667,0.49495,0.296333333333333,"fukuno",1,"- 2m",2,"fukuno-1-2",11.878,10.499,28.9,NA,NA,NA,NA,NA,NA,NA,NA,0.245162367694843,5.34,395.122027701598,15.2359210820138,5.30063636112035,0.583127384935022,4.29810190020553e-06,392.180052719879,160,0
"fukuNO-1- 3m",2020-06-09,0,0.028,0,0,15.4,18.2,1.8,NA,3.508,0.89,0,0.05015,0.0089,1.6215,0.10545,1.177,0.6556,0.15255,1.8365,0.00646666666666667,0.58065,0.374133333333333,"fukuno",1,"- 3m",3,"fukuno-1-3",7.471,3.636,31.848,14.4,15.1,1.5,11.4,2.2,4.3,3.5,0.954545454545454,0.547766819204145,5.37,441.707393968596,17.9271065227627,9.80346165367963,1.0396965565473,1.05459606532328e-05,439.069066362015,160,0
"fukuNO-1- 3m",2020-06-09,0,0.028,0,0,15.4,18.2,1.8,NA,3.508,0.89,0,0.05015,0.0089,1.6215,0.10545,1.177,0.6556,0.15255,1.8365,0.00646666666666667,0.58065,0.374133333333333,"fukuno",1,"- 3m",3,"fukuno-1-3",7.471,3.636,31.848,14.4,15.1,1.5,11.4,2.2,4.3,3.5,0.954545454545454,0.547766819204145,5.37,444.024559265005,17.7728845583819,9.96004083224788,1.04497502765829,1.05459606532847e-05,441.309214487536,160,0
"fukuNO-1- 3.5m",2020-06-09,0,0.2825,0,0,15.2,18.9,3.3,NA,3.49,0.972,0,0.0522,0.0088,2.0285,0.16185,1.2125,0.6643,0.2061,1.823,0.00806666666666667,0.6345,0.417533333333333,"fukuno",1,"- 3,5m",3.5,"fukuno-1-3.5",6.398,1.143,38.499,15.1,15.3,1.7,11.7,2.1,3.95,3.3,1.00657894736842,0.547766819204145,5.48,406.108565574911,16.4227906274572,3.08874030493158,0.353370318951025,2.37689982205385e-05,404.292048784285,NA,NA
"fukuNO-1- 3.5m",2020-06-09,0,0.2825,0,0,15.2,18.9,3.3,NA,3.49,0.972,0,0.0522,0.0088,2.0285,0.16185,1.2125,0.6643,0.2061,1.823,0.00806666666666667,0.6345,0.417533333333333,"fukuno",1,"- 3,5m",3.5,"fukuno-1-3.5",6.398,1.143,38.499,15.1,15.3,1.7,11.7,2.1,3.95,3.3,1.00657894736842,0.547766819204145,5.48,426.135688547669,16.6572939964724,3.41415673238432,0.396431998120402,2.3768998220633e-05,424.17287138324,NA,NA
"fukuNO-1- 4m",2020-06-09,0,0.501,0,0,15.8,NA,4.2,NA,3.49,0.857,0,0.0531,0.0088,2.2745,0.22065,1.235,0.6673,0.2228,1.8255,0.00886666666666667,0.85665,0.4626,"fukuno",1,"- 4m",4,"fukuno-1-4",5.963,0.391,47.069,NA,NA,NA,NA,NA,NA,NA,NA,2,5.6,510.227077010042,20.1259487296994,32.8230755323971,3.02558979450167,3.84027745388853e-05,508.596587983233,160,98
"fukuNO-1- 4m",2020-06-09,0,0.501,0,0,15.8,NA,4.2,NA,3.49,0.857,0,0.0531,0.0088,2.2745,0.22065,1.235,0.6673,0.2228,1.8255,0.00886666666666667,0.85665,0.4626,"fukuno",1,"- 4m",4,"fukuno-1-4",5.963,0.391,47.069,NA,NA,NA,NA,NA,NA,NA,NA,2,5.6,508.820042453478,20.1461208498153,32.6641095552452,3.2596135833302,3.84027745389391e-05,507.159642806402,160,98
"fukuSW-1- 1m",2020-06-09,7,0.05,0,0.01425,48.3,NA,1.9,NA,4.352,2.261,0,0.32145,0.00905,3.2665,0.5396,0.5061,0.7846,0.1213,2.282,0.0384,1.3905,0,"fukusw",1,"- 1m",1,"fukusw-1-1",15.253,6.405,58.213,41.1,43.5,0,38,4.8,5.11,4.2,NA,0.189495133305623,4.18,15.3578650324453,1.80904515670622,0.0906883504479677,0.0243851732761682,9.48518370610779e-07,15.4028651742971,160,0
"fukuSW-1- 1m",2020-06-09,7,0.05,0,0.01425,48.3,NA,1.9,NA,4.352,2.261,0,0.32145,0.00905,3.2665,0.5396,0.5061,0.7846,0.1213,2.282,0.0384,1.3905,0,"fukusw",1,"- 1m",1,"fukusw-1-1",15.253,6.405,58.213,41.1,43.5,0,38,4.8,5.11,4.2,NA,0.189495133305623,4.18,15.6429553503409,1.88878624117672,0.0753554931437025,0.0228267589570777,9.48518370610004e-07,15.679964683765,160,0
"fukuSW-1- 2m",2020-06-09,15,0.0625,0,0.01245,47.3,NA,3.8,NA,4.261,2.242,0,0.32985,0.00865,3.273,0.6164,0.7321,0.7787,0.1242,2.2285,0.0385333333333333,1.4135,0.464433333333333,"fukusw",1,"- 2m",2,"fukusw-1-2",10.262,0.979,58.025,NA,NA,NA,NA,NA,NA,NA,NA,0.245162367694843,4.14,318.4801923628,13.2815306181823,28.5108902549656,2.77727791924941,1.51398864030395e-06,315.987658832495,160,0
"fukuSW-1- 2m",2020-06-09,15,0.0625,0,0.01245,47.3,NA,3.8,NA,4.261,2.242,0,0.32985,0.00865,3.273,0.6164,0.7321,0.7787,0.1242,2.2285,0.0385333333333333,1.4135,0.464433333333333,"fukusw",1,"- 2m",2,"fukusw-1-2",10.262,0.979,58.025,NA,NA,NA,NA,NA,NA,NA,NA,0.245162367694843,4.14,308.065739822064,13.025042410313,27.1599402135477,2.65535709131937,1.51398864030341e-06,305.612405070086,160,0
"fukuSW-1- 2.5m",2020-06-09,15,0.08,0,0.01515,47.7,50.9,4,NA,4.242,2.19,0,0.33865,0.0083,3.24,0.6687,0.74995,0.7872,0.12675,2.229,0.0377,1.4525,0.544333333333333,"fukusw",1,"- 2,5m",2.5,"fukusw-1-2.5",7.772,0.426,59.168,42.6,44,0,39.3,4.3,4.9,4.2,0.959119496855346,0.245162367694843,4.23,64.0801302004811,3.8353854194541,0.14397027223715,0.0307959527581179,1.83108572844895e-06,63.3223712060016,NA,NA
"fukuSW-1- 2.5m",2020-06-09,15,0.08,0,0.01515,47.7,50.9,4,NA,4.242,2.19,0,0.33865,0.0083,3.24,0.6687,0.74995,0.7872,0.12675,2.229,0.0377,1.4525,0.544333333333333,"fukusw",1,"- 2,5m",2.5,"fukusw-1-2.5",7.772,0.426,59.168,42.6,44,0,39.3,4.3,4.9,4.2,0.959119496855346,0.245162367694843,4.23,64.7245861073773,4.27550116831651,0.156401858991944,0.0320940453886691,1.83108572845346e-06,63.9313811472439,NA,NA
"fukuSW-1- 3m",2020-06-09,19,0.119,0,0.0156,49,44.5,4,NA,4.306,2.009,0,0.3437,0.00845,3.306,0.7287,0.75375,0.7907,0.12845,2.23,0.043,1.538,0.601366666666667,"fukusw",1,"- 3m",3,"fukusw-1-3",6.951,0.354,54.996,42.9,44.5,0,39.2,4.8,4.9,4.1,0.975510204081633,0.547766819204145,4.33,235.873547953119,10.8903851436799,2.23113746712846,0.259895093058471,2.25135152234414e-06,233.928492615873,160,0
"fukuSW-1- 3m",2020-06-09,19,0.119,0,0.0156,49,44.5,4,NA,4.306,2.009,0,0.3437,0.00845,3.306,0.7287,0.75375,0.7907,0.12845,2.23,0.043,1.538,0.601366666666667,"fukusw",1,"- 3m",3,"fukusw-1-3",6.951,0.354,54.996,42.9,44.5,0,39.2,4.8,4.9,4.1,0.975510204081633,0.547766819204145,4.33,237.58150130939,11.1589569409621,2.42337412245701,0.288205302177109,2.25135152234855e-06,235.57575408538,160,0
"fukuSW-1- 4m",2020-06-09,39.5,0.2355,0,0.01605,50.7,NA,5,NA,4.285,0.994,0,0.35545,0.0083,3.4895,0.84105,0.7909,0.8017,0.1313,2.2235,0.066,1.581,0.756466666666667,"fukusw",1,"- 4m",4,"fukusw-1-4",6.094,0.249,52.178,NA,NA,NA,NA,NA,NA,NA,NA,2,4.43,383.517931635349,16.0476497659502,63.5620266992521,5.88263638803174,3.45559332972103e-06,381.052398057016,160,98
"fukuSW-1- 4m",2020-06-09,39.5,0.2355,0,0.01605,50.7,NA,5,NA,4.285,0.994,0,0.35545,0.0083,3.4895,0.84105,0.7909,0.8017,0.1313,2.2235,0.066,1.581,0.756466666666667,"fukusw",1,"- 4m",4,"fukusw-1-4",6.094,0.249,52.178,NA,NA,NA,NA,NA,NA,NA,NA,2,4.43,381.697962813184,16.0644405746469,64.7931799735245,5.90925942028836,3.45559332972598e-06,379.173292386328,160,98
"WS1-1m",2020-07-02,12,0.01,0,0,NA,NA,31,NA,76.128,69.207,0,NA,NA,NA,NA,NA,NA,NA,NA,NA,NA,NA,"ws",1,"1m",1,"ws-1-1",NA,NA,NA,NA,NA,NA,NA,NA,NA,NA,NA,0.166914702261558,NA,NA,NA,NA,NA,NA,NA,NA,NA
"WS1-3m",2020-07-02,11,0.01,0,0,NA,NA,NA,NA,75.894,68.746,0,NA,NA,NA,NA,NA,NA,NA,NA,NA,NA,NA,"ws",1,"3m",3,"ws-1-3",NA,NA,NA,NA,NA,NA,NA,NA,NA,NA,NA,0.133345870414471,NA,NA,NA,NA,NA,NA,NA,NA,NA
"WS1-5m",2020-07-02,16,0.01,0,0,NA,NA,NA,NA,75.994,68.838,0,NA,NA,NA,NA,NA,NA,NA,NA,NA,NA,NA,"ws",1,"5m",5,"ws-1-5",NA,NA,NA,NA,NA,NA,NA,NA,NA,NA,NA,0.121090165986427,NA,NA,NA,NA,NA,NA,NA,NA,NA
"WS1-7m",2020-07-02,84,0.02,0,0,NA,NA,NA,NA,75.763,66.52,0,NA,NA,NA,NA,NA,NA,NA,NA,NA,NA,NA,"ws",1,"7m",7,"ws-1-7",NA,NA,NA,NA,NA,NA,NA,NA,NA,NA,NA,0.120922575771768,NA,NA,NA,NA,NA,NA,NA,NA,NA
"WS1-9m",2020-07-02,135,0.02,0,0,NA,NA,37,NA,75.015,65.815,0,NA,NA,NA,NA,NA,NA,NA,NA,NA,NA,NA,"ws",1,"9m",9,"ws-1-9",NA,NA,NA,NA,NA,NA,NA,NA,NA,NA,NA,0.132737787580407,NA,NA,NA,NA,NA,NA,NA,NA,NA
"WS1-11m",2020-07-02,207,0.53,0.02,0.024,NA,NA,38,NA,73.994,66.382,0,NA,NA,NA,NA,NA,NA,NA,NA,NA,NA,NA,"ws",1,"11m",11,"ws-1-11",NA,NA,NA,NA,NA,NA,NA,NA,NA,NA,NA,0.165331814386905,NA,NA,NA,NA,NA,NA,NA,NA,NA
"WS1-13m",2020-07-02,377,1.15,0,0,NA,NA,40,NA,74.335,63.902,0,NA,NA,NA,NA,NA,NA,NA,NA,NA,NA,NA,"ws",1,"13m",13,"ws-1-13",NA,NA,NA,NA,NA,NA,NA,NA,NA,NA,NA,0.262718674806351,NA,NA,NA,NA,NA,NA,NA,NA,NA
"WS1-15m",2020-07-02,479,1.48,0.01,0,NA,NA,42,NA,74.27,62.275,0,NA,NA,NA,NA,NA,NA,NA,NA,NA,NA,NA,"ws",1,"15m",15,"ws-1-15",NA,NA,NA,NA,NA,NA,NA,NA,NA,NA,NA,2,NA,NA,NA,NA,NA,NA,NA,NA,NA
"WS1-16m",2020-07-02,223,0.51,0,0,NA,NA,NA,NA,75.433,65.126,0,NA,NA,NA,NA,NA,NA,NA,NA,NA,NA,NA,"ws",1,"16m",16,"ws-1-16",NA,NA,NA,NA,NA,NA,NA,NA,NA,NA,NA,NA,NA,NA,NA,NA,NA,NA,NA,NA,NA
"PS1-1m",2020-07-02,4,0.03,0,0,NA,NA,36,NA,74.946,66.425,0,NA,NA,NA,NA,NA,NA,NA,NA,NA,NA,NA,"ps",1,"1m",1,"ps-1-1",NA,NA,NA,NA,NA,NA,NA,NA,NA,NA,NA,0.216555719666314,NA,NA,NA,NA,NA,NA,NA,NA,NA
"PS1-3m",2020-07-02,5,0.04,0,0,NA,NA,NA,NA,74.641,66.188,0,NA,NA,NA,NA,NA,NA,NA,NA,NA,NA,NA,"ps",1,"3m",3,"ps-1-3",NA,NA,NA,NA,NA,NA,NA,NA,NA,NA,NA,0.164777134625296,NA,NA,NA,NA,NA,NA,NA,NA,NA
"PS1-5m",2020-07-02,4,0.04,0,0,NA,NA,NA,NA,74.749,66.255,0,NA,NA,NA,NA,NA,NA,NA,NA,NA,NA,NA,"ps",1,"5m",5,"ps-1-5",NA,NA,NA,NA,NA,NA,NA,NA,NA,NA,NA,0.140186700134049,NA,NA,NA,NA,NA,NA,NA,NA,NA
"PS1-8m",2020-07-02,50,0.04,0,0,NA,NA,39,NA,74.97,65.547,0,NA,NA,NA,NA,NA,NA,NA,NA,NA,NA,NA,"ps",1,"8m",8,"ps-1-8",NA,NA,NA,NA,NA,NA,NA,NA,NA,NA,NA,0.124893330662089,NA,NA,NA,NA,NA,NA,NA,NA,NA
"PS1-12m",2020-07-02,241,0.28,0.1,0.03,NA,NA,NA,NA,74.566,63.238,0.09982,NA,NA,NA,NA,NA,NA,NA,NA,NA,NA,NA,"ps",1,"12m",12,"ps-1-12",NA,NA,NA,NA,NA,NA,NA,NA,NA,NA,NA,0.127843242101448,NA,NA,NA,NA,NA,NA,NA,NA,NA
"PS1-16m",2020-07-02,245,0.33,0.17,0.096,NA,NA,41,NA,74.516,63.423,0.13182,NA,NA,NA,NA,NA,NA,NA,NA,NA,NA,NA,"ps",1,"16m",16,"ps-1-16",NA,NA,NA,NA,NA,NA,NA,NA,NA,NA,NA,0.164073248716915,NA,NA,NA,NA,NA,NA,NA,NA,NA
"PS1-19m",2020-07-02,56,0.07,0.02,0.007,NA,NA,38,NA,74.763,65.564,0,NA,NA,NA,NA,NA,NA,NA,NA,NA,NA,NA,"ps",1,"19m",19,"ps-1-19",NA,NA,NA,NA,NA,NA,NA,NA,NA,NA,NA,0.264219423093543,NA,NA,NA,NA,NA,NA,NA,NA,NA
"PS1-21m",2020-07-02,361,1.08,0,0,NA,NA,43,NA,74.24,60.198,0,NA,NA,NA,NA,NA,NA,NA,NA,NA,NA,NA,"ps",1,"21m",21,"ps-1-21",NA,NA,NA,NA,NA,NA,NA,NA,NA,NA,NA,0.570918058822286,NA,NA,NA,NA,NA,NA,NA,NA,NA
"PS1-23m",2020-07-02,123,0.33,0.03,0.006,NA,NA,NA,NA,74.375,64.462,0,NA,NA,NA,NA,NA,NA,NA,NA,NA,NA,NA,"ps",1,"23m",23,"ps-1-23",NA,NA,NA,NA,NA,NA,NA,NA,NA,NA,NA,NA,NA,NA,NA,NA,NA,NA,NA,NA,NA
"hs2_1m",2020-08-28,3,0.02,0,0.007,6.6,NA,25.3,NA,27.4,32.4,0,0.0069,0.048,45.4233333333333,0.0021,4.5585,9.012,0.0038,15.67,0.0097,13.3066666666667,0.196833333333333,"hs",2,"1m",1,"hs-2-1",20.372,7.95,369.503,NA,NA,NA,NA,NA,NA,NA,NA,0.132624485419548,8.23,31.8986194880264,2.51512015938042,0.919803232267401,0.118171856021662,0.0020946455790678,28.8761987056645,NA,NA
"hs2_1m",2020-08-28,3,0.02,0,0.007,6.6,NA,25.3,NA,27.4,32.4,0,0.0069,0.048,45.4233333333333,0.0021,4.5585,9.012,0.0038,15.67,0.0097,13.3066666666667,0.196833333333333,"hs",2,"1m",1,"hs-2-1",20.372,7.95,369.503,NA,NA,NA,NA,NA,NA,NA,NA,0.132624485419548,8.23,31.8867824756648,2.44492855373386,0.874631186274469,0.113387221189311,0.0020946455790587,28.8589494459035,NA,NA
"hs2_5m",2020-08-28,0,0.02,0,0.008,6.5,NA,25.4,NA,27.2,32.4,0,0.01005,0.0474,45.6333333333333,0.00135,4.549,9.0415,0.00205,15.67,0.00886666666666667,13.3033333333333,0.193666666666667,"hs",2,"5m",5,"hs-2-5",20.335,7.766,370.673,NA,NA,NA,NA,NA,NA,NA,NA,0.119651074597401,8.19,35.0059454823574,2.62157372879994,0.923122959010628,0.118549077270877,0.00209901979529798,31.805191489432,NA,NA
"hs2_6m",2020-08-28,0,0.02,0,0.007,6.5,6.6,25.4,NA,27.2,32.5,0,0.00685,0.0477,45.54,0.00115,4.548,9.0655,0.00395,15.68,0.0111,13.3766666666667,0.1983,"hs",2,"6m",6,"hs-2-6",19.629,7.153,395.224,NA,NA,NA,NA,NA,NA,NA,NA,0.128885465297115,7.65,36.4751147910174,2.70143856810948,0.952796177471558,0.124580670284978,0.00201812695988794,33.2581547861903,240,0
"hs2_6m",2020-08-28,0,0.02,0,0.007,6.5,6.6,25.4,NA,27.2,32.5,0,0.00685,0.0477,45.54,0.00115,4.548,9.0655,0.00395,15.68,0.0111,13.3766666666667,0.1983,"hs",2,"6m",6,"hs-2-6",19.629,7.153,395.224,NA,NA,NA,NA,NA,NA,NA,NA,0.128885465297115,7.65,36.6154587570862,2.77619720791602,0.93903337330924,0.122767935793305,0.0020181269598855,33.3881790310327,240,0
"hs2_7m",2020-08-28,0,0.25,0,0.007,6,NA,33.9,NA,26.9,29.3,0,0.00655,0.04755,55.7733333333333,0.0022,4.6475,8.9345,0.67025,15.4,0.01,12.67,0.654833333333333,"hs",2,"7m",7,"hs-2-7",15.645,0.179,439.261,NA,NA,NA,NA,NA,NA,NA,NA,0.146251050417113,7.57,150.602897528861,7.37096030250652,40.4333327124344,4.02720416279966,0.00264973108584813,147.495045856824,240,0
"hs2_7m",2020-08-28,0,0.25,0,0.007,6,NA,33.9,NA,26.9,29.3,0,0.00655,0.04755,55.7733333333333,0.0022,4.6475,8.9345,0.67025,15.4,0.01,12.67,0.654833333333333,"hs",2,"7m",7,"hs-2-7",15.645,0.179,439.261,NA,NA,NA,NA,NA,NA,NA,NA,0.146251050417113,7.57,151.771572254086,7.48409853011548,41.7246116485716,3.9365333954341,0.00264973108584813,148.65140432562,240,0
"hs2_8m",2020-08-28,61,0.81,0,0.007,6.1,NA,37.6,NA,26.7,24.2,0,0.0071,0.0475,58.0233333333333,0.0076,4.784,8.925,1.7575,15.39,0.0818666666666667,12.02,1.052,"hs",2,"8m",8,"hs-2-8",13.211,0.014,460.591,NA,NA,NA,NA,NA,NA,NA,NA,0.178853948600445,7.49,215.760214962867,9.56456228037386,96.4064955215894,8.75592631606183,0.00288675760858526,213.133588947645,240,8
"hs2_8m",2020-08-28,61,0.81,0,0.007,6.1,NA,37.6,NA,26.7,24.2,0,0.0071,0.0475,58.0233333333333,0.0076,4.784,8.925,1.7575,15.39,0.0818666666666667,12.02,1.052,"hs",2,"8m",8,"hs-2-8",13.211,0.014,460.591,NA,NA,NA,NA,NA,NA,NA,NA,0.178853948600445,7.49,215.413463060882,9.74786420012683,94.408166078535,8.46572077963842,0.00288675760858526,212.759038770208,240,8
"hs2_9m",2020-08-28,296,2.53,0,0.009,6,5.8,43,NA,26.6,15.2,0,0.00685,0.04785,61.19,0.00955,4.864,8.844,3.2995,15.26,0.332433333333333,13.15,1.53833333333333,"hs",2,"9m",9,"hs-2-9",10.919,0.005,490.61,NA,NA,NA,NA,NA,NA,NA,NA,0.249306293810377,7.3,308.031778150669,13.3715981600275,217.995068064485,18.3544689038997,0.00313927566754625,305.853726353585,240,61
"hs2_9m",2020-08-28,296,2.53,0,0.009,6,5.8,43,NA,26.6,15.2,0,0.00685,0.04785,61.19,0.00955,4.864,8.844,3.2995,15.26,0.332433333333333,13.15,1.53833333333333,"hs",2,"9m",9,"hs-2-9",10.919,0.005,490.61,NA,NA,NA,NA,NA,NA,NA,NA,0.249306293810377,7.3,310.139532588002,13.5959085404894,220.128159165978,17.8709621818035,0.00313927566754551,307.95971304599,240,61
"hs2_10m",2020-08-28,447,4,0,0.009,6.2,6.4,47.8,NA,26.7,10.9,0,0.0068,0.04815,62.7066666666667,0.01455,4.9315,8.8675,3.3725,15.195,0.4856,21.6166666666667,1.829,"hs",2,"10m",10,"hs-2-10",9.726,0.002,507.083,NA,NA,NA,NA,NA,NA,NA,NA,0.488034124187255,7.17,407.884881423745,17.0800382177097,250.176829686272,21.5739463039526,0.00332699680783763,406.010963288846,240,128
"hs2_10m",2020-08-28,447,4,0,0.009,6.2,6.4,47.8,NA,26.7,10.9,0,0.0068,0.04815,62.7066666666667,0.01455,4.9315,8.8675,3.3725,15.195,0.4856,21.6166666666667,1.829,"hs",2,"10m",10,"hs-2-10",9.726,0.002,507.083,NA,NA,NA,NA,NA,NA,NA,NA,0.488034124187255,7.17,409.021541541192,16.4677675435027,244.353625126595,20.1935363364882,0.00332699680783711,407.176893461195,240,128
"hs2_11m",2020-08-28,527,4.91,0,0.01,7.4,NA,50,NA,26.6,8.8,0,0.00735,0.04785,62.56,0.0223,4.9755,8.9135,3.0775,15.28,0.580266666666667,42.5133333333333,1.887,"hs",2,"11m",11,"hs-2-11",9.132,0.003,511.416,NA,NA,NA,NA,NA,NA,NA,NA,2,7.1,446.424489683966,18.2829151461117,240.09731968257,19.9599172140371,0.00337220585280609,444.640909027529,240,211
"hs2_11m",2020-08-28,527,4.91,0,0.01,7.4,NA,50,NA,26.6,8.8,0,0.00735,0.04785,62.56,0.0223,4.9755,8.9135,3.0775,15.28,0.580266666666667,42.5133333333333,1.887,"hs",2,"11m",11,"hs-2-11",9.132,0.003,511.416,NA,NA,NA,NA,NA,NA,NA,NA,2,7.1,398.704583449758,16.7134989811596,240.10539932201,20.4900240819513,0.00337220585280476,396.776506306394,240,211
"st2_1m",2020-08-31,NA,NA,NA,NA,4.9,NA,14.5,NA,NA,NA,NA,0.00515,0.01405,36.9133333333333,0.00085,1.4535,3.75033333333333,0.0023,9.3365,0.0071,12.8733333333333,0.1971,"st",2,"1m",1,"st-2-1",20.656,9.617,252.743,NA,NA,NA,NA,NA,NA,NA,NA,0.0464447252023449,8.5,1.47691633767184,1.13084115773967,0.510148101884979,0.0742687573015216,0.00121496590792046,5.76905661207643,NA,NA
"st2_1m",2020-08-31,NA,NA,NA,NA,4.9,NA,14.5,NA,NA,NA,NA,0.00515,0.01405,36.9133333333333,0.00085,1.4535,3.75033333333333,0.0023,9.3365,0.0071,12.8733333333333,0.1971,"st",2,"1m",1,"st-2-1",20.656,9.617,252.743,NA,NA,NA,NA,NA,NA,NA,NA,0.0464447252023449,8.5,1.48281434840376,1.07486673922097,0.482059689692716,0.0697599453275515,0.00121496590796245,5.7448987511535,NA,NA
"st2_10m",2020-08-31,NA,NA,NA,NA,4.2,NA,15.2,NA,NA,NA,NA,0.00515,0.01365,37.6333333333333,8e-04,1.46,3.78133333333333,0.0011,9.1765,0.00863333333333333,12.9466666666667,0.240033333333333,"st",2,"10m",10,"st-2-10",12.348,10.867,289.994,NA,NA,NA,NA,NA,NA,NA,NA,0.0310361376639338,8.45,4.67008594761046,1.1875416198377,0.531922956654737,0.0765223602704565,0.00126566561421288,7.53196923362955,243,9
"st2_10m",2020-08-31,NA,NA,NA,NA,4.2,NA,15.2,NA,NA,NA,NA,0.00515,0.01365,37.6333333333333,8e-04,1.46,3.78133333333333,0.0011,9.1765,0.00863333333333333,12.9466666666667,0.240033333333333,"st",2,"10m",10,"st-2-10",12.348,10.867,289.994,NA,NA,NA,NA,NA,NA,NA,NA,0.0310361376639338,8.45,4.39907496071101,1.19804834001287,0.542690135977828,0.0776256760548998,0.00126566561419553,7.37556447221807,243,9
"st2_20m",2020-08-31,NA,NA,NA,NA,3.9,NA,21.9,NA,NA,NA,NA,0.00465,0.01345,45.39,6e-04,1.5605,3.744,0.0019,9.0115,0.0843666666666667,12.7133333333333,1.08466666666667,"st",2,"20m",20,"st-2-20",6.204,3.5,312.543,NA,NA,NA,NA,NA,NA,NA,NA,0.0255087199620106,7.36,154.388447154239,7.56385690294796,0.0281998587265788,0.0168633535720404,0.00160080337585751,153.464765073219,243,0
"st2_20m",2020-08-31,NA,NA,NA,NA,3.9,NA,21.9,NA,NA,NA,NA,0.00465,0.01345,45.39,6e-04,1.5605,3.744,0.0019,9.0115,0.0843666666666667,12.7133333333333,1.08466666666667,"st",2,"20m",20,"st-2-20",6.204,3.5,312.543,NA,NA,NA,NA,NA,NA,NA,NA,0.0255087199620106,7.36,153.11305052526,7.41347323771794,0.0308260254188352,0.0168066511235137,0.00160080337585814,152.188357418982,243,0
"st2_25m",2020-08-31,NA,NA,NA,NA,4.3,4.3,22.1,NA,NA,NA,NA,0.00455,0.0134,45.91,0.00055,1.566,3.719,0.0015,9.035,0.0753666666666667,12.6466666666667,1.05133333333333,"st",2,"25m",25,"st-2-25",6.041,1.716,312.573,NA,NA,NA,NA,NA,NA,NA,NA,0.0245329584713649,7.29,131.890687415565,6.6549561194818,0.0167657617540248,0.0148794640016115,0.00158030653111314,130.876959212953,243,0
"st2_25m",2020-08-31,NA,NA,NA,NA,4.3,4.3,22.1,NA,NA,NA,NA,0.00455,0.0134,45.91,0.00055,1.566,3.719,0.0015,9.035,0.0753666666666667,12.6466666666667,1.05133333333333,"st",2,"25m",25,"st-2-25",6.041,1.716,312.573,NA,NA,NA,NA,NA,NA,NA,NA,0.0245329584713649,7.29,146.109076524293,7.10416156877259,0.0863739500051738,0.023241159012443,0.00158030653111594,145.136242091279,243,0
"st2_28m",2020-08-31,NA,NA,NA,NA,4,NA,22.1,NA,NA,NA,NA,0.00475,0.01355,45.1733333333333,7e-04,1.61,3.74433333333333,0.0412,8.9895,0.1148,12.69,1.237,"st",2,"28m",28,"st-2-28",5.994,0.719,313.886,NA,NA,NA,NA,NA,NA,NA,NA,0.0243433797122259,7.24,209.463218507496,9.83758514846172,0.193867093366301,0.0357564416093749,0.0015530281174868,208.754345194342,243,0
"st2_28m",2020-08-31,NA,NA,NA,NA,4,NA,22.1,NA,NA,NA,NA,0.00475,0.01355,45.1733333333333,7e-04,1.61,3.74433333333333,0.0412,8.9895,0.1148,12.69,1.237,"st",2,"28m",28,"st-2-28",5.994,0.719,313.886,NA,NA,NA,NA,NA,NA,NA,NA,0.0243433797122259,7.24,214.336503209773,10.0594697094245,0.17837408826082,0.0336721093037923,0.00155302811748629,213.636613346658,243,0
"st2_29m",2020-08-31,NA,NA,NA,NA,3.7,NA,22.1,NA,NA,NA,NA,0.0048,0.0134,45.3866666666667,0.00055,1.5455,3.659,0.0763,8.9515,0.116633333333333,12.7333333333333,1.25366666666667,"st",2,"29m",29,"st-2-29",5.99,0.336,313.848,NA,NA,NA,NA,NA,NA,NA,NA,0.0243417211288,7.21,216.14438773371,10.2956632033117,0.350518810284057,0.0555589334666011,0.00153575615776297,215.455235131905,243,0
"st2_29m",2020-08-31,NA,NA,NA,NA,3.7,NA,22.1,NA,NA,NA,NA,0.0048,0.0134,45.3866666666667,0.00055,1.5455,3.659,0.0763,8.9515,0.116633333333333,12.7333333333333,1.25366666666667,"st",2,"29m",29,"st-2-29",5.99,0.336,313.848,NA,NA,NA,NA,NA,NA,NA,NA,0.0243417211288,7.21,221.048092140948,9.88520850519961,0.495002470653337,0.0700895086453708,0.00153575615776248,220.367431099639,243,0
"st2_30m",2020-08-31,NA,NA,NA,NA,3.7,4.1,22.5,NA,NA,NA,NA,0.009,0.0132,45.45,0.00055,1.5505,3.70433333333333,0.10215,8.899,0.125566666666667,12.74,1.32433333333333,"st",2,"30m",30,"st-2-30",5.976,0.211,314.897,NA,NA,NA,NA,NA,NA,NA,NA,0.0243706156729653,7.19,226.043747170241,10.0354219900927,0.844477037922096,0.113315632772427,0.00155128923259272,225.383419095981,243,0
"st2_30m",2020-08-31,NA,NA,NA,NA,3.7,4.1,22.5,NA,NA,NA,NA,0.009,0.0132,45.45,0.00055,1.5505,3.70433333333333,0.10215,8.899,0.125566666666667,12.74,1.32433333333333,"st",2,"30m",30,"st-2-30",5.976,0.211,314.897,NA,NA,NA,NA,NA,NA,NA,NA,0.0243706156729653,7.19,224.182242424156,10.1763477668242,1.19037931713163,0.153201682618689,0.00155128923259317,223.508184946975,243,0
"st2_32m",2020-08-31,NA,NA,NA,NA,3.7,4,23.2,NA,NA,NA,NA,0.008,0.0135,45.4533333333333,0.0013,1.5845,3.72966666666667,0.3519,8.92,0.151033333333333,12.7566666666667,1.49933333333333,"st",2,"32m",32,"st-2-32",5.987,0.219,313.866,NA,NA,NA,NA,NA,NA,NA,NA,0.0245211716852794,7.17,223.265304538871,10.1985632989363,17.3975136454033,1.79909288864383,0.00158671376974471,222.542591245239,243,0
"st2_32m",2020-08-31,NA,NA,NA,NA,3.7,4,23.2,NA,NA,NA,NA,0.008,0.0135,45.4533333333333,0.0013,1.5845,3.72966666666667,0.3519,8.92,0.151033333333333,12.7566666666667,1.49933333333333,"st",2,"32m",32,"st-2-32",5.987,0.219,313.866,NA,NA,NA,NA,NA,NA,NA,NA,0.0245211716852794,7.17,227.941772176687,10.4586999140609,18.4368425608179,1.96646022553201,0.00158671376974517,227.221075848229,243,0
"st2_34m",2020-08-31,NA,NA,NA,NA,4,NA,23.2,NA,NA,NA,NA,0.009,0.01335,45.0433333333333,0.0025,1.581,3.74566666666667,0.4986,8.9115,0.163633333333333,13.2666666666667,1.574,"st",2,"34m",34,"st-2-34",5.987,0.219,313.866,NA,NA,NA,NA,NA,NA,NA,NA,0.0247996677570629,7.17,215.310783312292,9.73632403509786,28.0641462245061,2.60463442732692,0.00158671376975205,214.510391790035,243,0
"st2_34m",2020-08-31,NA,NA,NA,NA,4,NA,23.2,NA,NA,NA,NA,0.009,0.01335,45.0433333333333,0.0025,1.581,3.74566666666667,0.4986,8.9115,0.163633333333333,13.2666666666667,1.574,"st",2,"34m",34,"st-2-34",5.987,0.219,313.866,NA,NA,NA,NA,NA,NA,NA,NA,0.0247996677570629,7.17,215.195931317214,9.89714123986475,28.3086674823199,2.74016868402809,0.00158671376975257,214.399354313535,243,0
"gg2_1m",2020-08-27,6,0.03,0,0,6.3,NA,15.6,NA,62,33.9,0,0.00785,0.0388,49.3866666666667,0.003,11.215,8.12,0.00115,22.335,0.0122,16.43,0.2605,"gg",2,"1m",1,"gg-2-1",22.375,7.338,468.843,NA,NA,NA,NA,NA,NA,NA,NA,0.0647351723578865,8.1,25.6852216737223,2.16814015053809,1.17615136200503,0.151133647801179,0.00128497801389193,23.9718969897337,NA,NA
"gg2_1m",2020-08-27,6,0.03,0,0,6.3,NA,15.6,NA,62,33.9,0,0.00785,0.0388,49.3866666666667,0.003,11.215,8.12,0.00115,22.335,0.0122,16.43,0.2605,"gg",2,"1m",1,"gg-2-1",22.375,7.338,468.843,NA,NA,NA,NA,NA,NA,NA,NA,0.0647351723578865,8.1,25.2132301986343,2.06020423208625,1.22050316589607,0.154614380075696,0.00128497801392419,23.4936736446603,NA,NA
"gg2_3m",2020-08-27,4,0.02,0,0,6.2,NA,15.6,NA,62.3,33.9,0,0.0076,0.0386,49.18,0.0028,11.21,8.0825,0.0013,22.25,0.0142,16.43,0.2613,"gg",2,"3m",3,"gg-2-3",22.373,7.275,469.263,NA,NA,NA,NA,NA,NA,NA,NA,0.0784357164059539,8.11,25.9333159199708,2.13068825873378,1.14769572641626,0.145698444461338,0.00128561348089003,24.1612317876017,NA,NA
"gg2_3m",2020-08-27,4,0.02,0,0,6.2,NA,15.6,NA,62.3,33.9,0,0.0076,0.0386,49.18,0.0028,11.21,8.0825,0.0013,22.25,0.0142,16.43,0.2613,"gg",2,"3m",3,"gg-2-3",22.373,7.275,469.263,NA,NA,NA,NA,NA,NA,NA,NA,0.0784357164059539,8.11,26.9916133378609,2.19644659958841,1.18250335336251,0.149059454469214,0.00128561348090689,25.1570680424506,NA,NA
"gg2_6m",2020-08-27,4,0.02,0,0,6.1,NA,15.6,NA,62.4,34,0,0.0075,0.0385,49.2733333333333,0.0024,11.28,8.1485,0.00125,22.365,0.0121,16.3733333333333,0.2683,"gg",2,"6m",6,"gg-2-6",22.174,7.198,470.793,NA,NA,NA,NA,NA,NA,NA,NA,0.157042500680404,8.07,25.2889288757664,2.12830806586391,1.08802148733347,0.137360167322326,0.00128287675057037,23.5347956616556,239,0
"gg2_6m",2020-08-27,4,0.02,0,0,6.1,NA,15.6,NA,62.4,34,0,0.0075,0.0385,49.2733333333333,0.0024,11.28,8.1485,0.00125,22.365,0.0121,16.3733333333333,0.2683,"gg",2,"6m",6,"gg-2-6",22.174,7.198,470.793,NA,NA,NA,NA,NA,NA,NA,NA,0.157042500680404,8.07,25.17534362065,2.1387015924701,1.0700247222344,0.137492188578812,0.00128287675057819,23.4053684281784,239,0
"gg2_7m",2020-08-27,30,0.02,0,0,6.2,6,20.4,NA,61.4,31.4,0,0.0059,0.0388,55.4166666666667,0.0054,11.375,8.105,0.04905,21.985,0.0416666666666667,15.16,1.09666666666667,"gg",2,"7m",7,"gg-2-7",19.415,4.522,520.587,NA,NA,NA,NA,NA,NA,NA,NA,0.29173332954957,7.53,105.201613052733,5.46962420490879,9.93859054432786,1.01127234228709,0.00159539342111906,103.290563111497,239,27
"gg2_7m",2020-08-27,30,0.02,0,0,6.2,6,20.4,NA,61.4,31.4,0,0.0059,0.0388,55.4166666666667,0.0054,11.375,8.105,0.04905,21.985,0.0416666666666667,15.16,1.09666666666667,"gg",2,"7m",7,"gg-2-7",19.415,4.522,520.587,NA,NA,NA,NA,NA,NA,NA,NA,0.29173332954957,7.53,101.018617064935,5.40652721743681,9.29810075534638,0.975477536088661,0.00159539342111691,99.0453433064845,239,27
"gg2_8m",2020-08-27,40,0.01,0,0,6.6,6.7,26.9,NA,59.8,25.8,0,0.01,0.0373,63.4033333333333,0.00415,11.6,7.937,0.20695,21.56,0.0527,12.44,2.334,"gg",2,"8m",8,"gg-2-8",16.151,0.851,534.192,NA,NA,NA,NA,NA,NA,NA,NA,0.427889117938074,7.51,198.41410908687,9.01745771013938,5.12348558621458,0.532169077618001,0.00208491708763216,196.656871889797,239,152
"gg2_8m",2020-08-27,40,0.01,0,0,6.6,6.7,26.9,NA,59.8,25.8,0,0.01,0.0373,63.4033333333333,0.00415,11.6,7.937,0.20695,21.56,0.0527,12.44,2.334,"gg",2,"8m",8,"gg-2-8",16.151,0.851,534.192,NA,NA,NA,NA,NA,NA,NA,NA,0.427889117938074,7.51,195.73636157371,8.76610396521493,4.94878473741389,0.531372494518285,0.00208491708762873,193.956895617657,239,152
"gg2_8.5m",2020-08-27,21,0.02,0,0,6.4,7.2,27.7,NA,59.6,24.1,0,0.01,0.036,64.1166666666667,0.005,11.62,7.933,0.3221,21.47,0.0338666666666667,11.54,2.596,"gg",2,"8,5m",8.5,"gg-2-8.5",14.672,0.399,559.958,NA,NA,NA,NA,NA,NA,NA,NA,0.427889117938074,7.55,191.380154974075,8.79900878324906,2.68925630914846,0.299333497536354,0.00215481043312579,189.497889879484,NA,NA
"gg2_8.5m",2020-08-27,21,0.02,0,0,6.4,7.2,27.7,NA,59.6,24.1,0,0.01,0.036,64.1166666666667,0.005,11.62,7.933,0.3221,21.47,0.0338666666666667,11.54,2.596,"gg",2,"8,5m",8.5,"gg-2-8.5",14.672,0.399,559.958,NA,NA,NA,NA,NA,NA,NA,NA,0.427889117938074,7.55,196.025093887475,8.99148088870257,2.73424467259556,0.323859014898587,0.00215481043311876,194.225516401335,NA,NA
"gg2_9m",2020-08-27,112,0.16,0,0,NA,NA,32.4,NA,59.6,18.5,0,0.01,0.0358,67.11,0.04015,11.88,8.076,3.3895,21.4,0.138133333333333,9.13833333333333,3.408,"gg",2,"9m",9,"gg-2-9",13.085,0.179,620.03,NA,NA,NA,NA,NA,NA,NA,NA,0.536524216226512,7.39,172.812824343924,7.91049126182148,83.7512040565899,7.82610967752695,0.00243629906328489,170.396613742609,239,198
"gg2_9m",2020-08-27,112,0.16,0,0,NA,NA,32.4,NA,59.6,18.5,0,0.01,0.0358,67.11,0.04015,11.88,8.076,3.3895,21.4,0.138133333333333,9.13833333333333,3.408,"gg",2,"9m",9,"gg-2-9",13.085,0.179,620.03,NA,NA,NA,NA,NA,NA,NA,NA,0.536524216226512,7.39,172.450966987846,7.88552212383662,83.4204054062211,7.63305357149524,0.00243629906328489,170.007708280359,239,198
"ar2_1m",2020-08-25,3,0.01,0,0.007,8.6,NA,8.8,NA,37.8,66.2,0,0.0091,0.0469,35.17,0.00495,8.8565,9.5975,0.00105,24.8,0.0112333333333333,31.8033333333333,0.1102,"ar",2,"1m",1,"ar-2-1",22.083,9.189,408.761,NA,NA,NA,NA,NA,NA,NA,NA,0.0159420101825713,9.4,-11.8602431495418,1.16608383844506,0.275050419777918,0.0465396952468451,0.000804318913725576,0.822459305005956,NA,NA
"ar2_1m",2020-08-25,3,0.01,0,0.007,8.6,NA,8.8,NA,37.8,66.2,0,0.0091,0.0469,35.17,0.00495,8.8565,9.5975,0.00105,24.8,0.0112333333333333,31.8033333333333,0.1102,"ar",2,"1m",1,"ar-2-1",22.083,9.189,408.761,NA,NA,NA,NA,NA,NA,NA,NA,0.0159420101825713,9.4,-11.6802649746608,1.07857564339443,0.272683247951637,0.0442925618068993,0.000804318913555796,0.843689344612331,NA,NA
"ar2_5m",2020-08-25,0,0.02,0,0.007,8,NA,8.8,NA,37.9,66.3,0,0.00845,0.0466,35.15,0.0035,8.842,9.549,0.001,24.685,0.0122,31.5533333333333,0.108766666666667,"ar",2,"5m",5,"ar-2-5",20.658,6.356,422.308,NA,NA,NA,NA,NA,NA,NA,NA,0.015294736504428,9.36,-11.9357434474639,1.15081320723102,0.290452359740575,0.0456122130830909,0.000796529836523801,0.801154685301758,237,0
"ar2_5m",2020-08-25,0,0.02,0,0.007,8,NA,8.8,NA,37.9,66.3,0,0.00845,0.0466,35.15,0.0035,8.842,9.549,0.001,24.685,0.0122,31.5533333333333,0.108766666666667,"ar",2,"5m",5,"ar-2-5",20.658,6.356,422.308,NA,NA,NA,NA,NA,NA,NA,NA,0.015294736504428,9.36,-11.7990133048062,1.11827445504121,0.277331181942073,0.0448431379370305,0.000796529836075555,0.811675651127939,237,0
"ar2_10m",2020-08-25,142,0.04,0.09,0.012,6.4,NA,21,NA,37,65,0.06,0.0053,0.04585,55.3033333333333,0.00245,8.9005,9.482,0.0041,24.59,0.168466666666667,30.9166666666667,0.0604666666666667,"ar",2,"10m",10,"ar-2-10",12.025,0.003,506.021,NA,NA,NA,NA,NA,NA,NA,NA,0.015022053992537,7.5,116.342470186539,6.22281634411036,0.453294230369973,0.0654602987105016,0.00161112165118223,115.050480481442,237,0
"ar2_10m",2020-08-25,142,0.04,0.09,0.012,6.4,NA,21,NA,37,65,0.06,0.0053,0.04585,55.3033333333333,0.00245,8.9005,9.482,0.0041,24.59,0.168466666666667,30.9166666666667,0.0604666666666667,"ar",2,"10m",10,"ar-2-10",12.025,0.003,506.021,NA,NA,NA,NA,NA,NA,NA,NA,0.015022053992537,7.5,114.472908452138,6.0720298526833,0.465461470983986,0.0699984400343544,0.00161112165118343,113.149535779609,237,0
"ar2_15m",2020-08-25,191,0.02,0.71,0.007,6.3,NA,21,NA,36.8,65.1,0.51,0.009,0.04535,55.5233333333333,0.00085,8.939,9.588,6e-04,24.36,0.219666666666667,30.94,0.0728666666666667,"ar",2,"15m",15,"ar-2-15",7.059,2.324,523.494,NA,NA,NA,NA,NA,NA,NA,NA,0.0152934705711484,7.42,143.97570646872,7.29023896162151,0.0145787068692322,0.016109979024652,0.00156382985311389,143.020467204138,237,0
"ar2_15m",2020-08-25,191,0.02,0.71,0.007,6.3,NA,21,NA,36.8,65.1,0.51,0.009,0.04535,55.5233333333333,0.00085,8.939,9.588,6e-04,24.36,0.219666666666667,30.94,0.0728666666666667,"ar",2,"15m",15,"ar-2-15",7.059,2.324,523.494,NA,NA,NA,NA,NA,NA,NA,NA,0.0152934705711484,7.42,146.627673343448,7.57327298086738,0.0147799324644639,0.0160043131361607,0.00156382985311144,145.688493088367,237,0
"ar2_20m",2020-08-25,191,0.01,0.93,0.007,6.2,NA,20,NA,36.7,64.7,0.63,0.00475,0.0454,55.28,9e-04,8.8995,9.3405,5e-04,24.56,0.215566666666667,30.5766666666667,0.1026,"ar",2,"20m",20,"ar-2-20",6.284,4.066,521.265,NA,NA,NA,NA,NA,NA,NA,NA,0.0161713708594676,7.42,146.508953749861,7.22824954105468,0.00508233595240037,0.0155797189494911,0.00148595559119376,145.689306046159,237,0
"ar2_20m",2020-08-25,191,0.01,0.93,0.007,6.2,NA,20,NA,36.7,64.7,0.63,0.00475,0.0454,55.28,9e-04,8.8995,9.3405,5e-04,24.56,0.215566666666667,30.5766666666667,0.1026,"ar",2,"20m",20,"ar-2-20",6.284,4.066,521.265,NA,NA,NA,NA,NA,NA,NA,NA,0.0161713708594676,7.42,148.279299302595,7.00537827146381,0.00327337482954283,0.015438827321196,0.00148595559119452,147.455175460953,237,0
"ar2_30m",2020-08-25,196,0.02,1,0.007,6.2,NA,19.6,NA,36.6,64.5,0.68,0.009,0.0455,53.2966666666667,8e-04,8.8995,9.484,6e-04,24.42,0.224033333333333,30.82,0.1849,"ar",2,"30m",30,"ar-2-30",5.835,3.231,520.337,NA,NA,NA,NA,NA,NA,NA,NA,0.0209942119423307,7.27,179.979051041676,8.73696996368853,0.00627631193843225,0.0160486895496079,0.00139103957177545,179.375069977812,237,0
"ar2_30m",2020-08-25,196,0.02,1,0.007,6.2,NA,19.6,NA,36.6,64.5,0.68,0.009,0.0455,53.2966666666667,8e-04,8.8995,9.484,6e-04,24.42,0.224033333333333,30.82,0.1849,"ar",2,"30m",30,"ar-2-30",5.835,3.231,520.337,NA,NA,NA,NA,NA,NA,NA,NA,0.0209942119423307,7.27,176.740664304486,8.65875575299238,0.00670578238868309,0.0153527321353195,0.00139103957177646,176.117246364929,237,0
"ar2_40m",2020-08-25,222,0.06,0.99,0.009,6.2,NA,16.6,NA,36.6,64.5,0.7,0.009,0.04555,53.2566666666667,0.00085,8.87,9.514,0.0018,24.285,0.248566666666667,30.7333333333333,0.324966666666667,"ar",2,"40m",40,"ar-2-40",5.728,0.34,521.852,NA,NA,NA,NA,NA,NA,NA,NA,0.0417703639401402,7.14,249.682246720316,11.0036989070996,0.0409861099173373,0.0185552484704518,0.00111942673666792,249.349541017497,237,45
"ar2_40m",2020-08-25,222,0.06,0.99,0.009,6.2,NA,16.6,NA,36.6,64.5,0.7,0.009,0.04555,53.2566666666667,0.00085,8.87,9.514,0.0018,24.285,0.248566666666667,30.7333333333333,0.324966666666667,"ar",2,"40m",40,"ar-2-40",5.728,0.34,521.852,NA,NA,NA,NA,NA,NA,NA,NA,0.0417703639401402,7.14,254.444549302031,11.1603801289625,0.0389072372403464,0.0187731517948684,0.00111942673666911,254.108542921471,237,45
"ar2_42.5m",2020-08-25,231,0.22,0.83,0.028,6.6,NA,20.1,NA,36.7,64.6,0.57,0.009,0.04565,53.4333333333333,8e-04,8.9315,9.5265,0.0136,24.405,0.2617,30.73,0.381566666666667,"ar",2,"42,5m",42.5,"ar-2-42.5",5.713,0.031,524.194,NA,NA,NA,NA,NA,NA,NA,NA,0.0553819320558582,7.14,261.813539820859,11.8437339032055,0.61566253739558,0.0837455732306138,0.00135534430110209,261.357074731047,NA,NA
"ar2_42.5m",2020-08-25,231,0.22,0.83,0.028,6.6,NA,20.1,NA,36.7,64.6,0.57,0.009,0.04565,53.4333333333333,8e-04,8.9315,9.5265,0.0136,24.405,0.2617,30.73,0.381566666666667,"ar",2,"42,5m",42.5,"ar-2-42.5",5.713,0.031,524.194,NA,NA,NA,NA,NA,NA,NA,NA,0.0553819320558582,7.14,256.321919319575,11.1352061919822,0.671216716538781,0.0912129407315509,0.00135534430110129,255.857904145194,NA,NA
"ar2_45m",2020-08-25,251,0.5,0.23,0.121,6.4,7,20.5,NA,36.5,64.5,0.14,0.00535,0.04625,53.58,0.003,8.8725,9.48,0.18025,24.185,0.288533333333333,30.9866666666667,0.5176,"ar",2,"45m",45,"ar-2-45",5.697,-0.001,528.319,NA,NA,NA,NA,NA,NA,NA,NA,0.11793067750438,7.18,260.014058500015,11.665491237963,12.414844632237,1.27081237243489,0.00140583333694158,259.526687113583,237,185
"ar2_45m",2020-08-25,251,0.5,0.23,0.121,6.4,7,20.5,NA,36.5,64.5,0.14,0.00535,0.04625,53.58,0.003,8.8725,9.48,0.18025,24.185,0.288533333333333,30.9866666666667,0.5176,"ar",2,"45m",45,"ar-2-45",5.697,-0.001,528.319,NA,NA,NA,NA,NA,NA,NA,NA,0.11793067750438,7.18,256.055081602293,11.635540080726,12.0270693492357,1.25596356229482,0.00140583333694247,255.552968788571,237,185
"ar2_46m",2020-08-25,297,0.87,0.08,0.007,6.4,NA,21.8,NA,36.5,62.7,0.05,0.009,0.0461,53.7366666666667,0.0035,8.925,9.4665,0.48605,24.365,0.333133333333333,32.8666666666667,0.746466666666667,"ar",2,"46m",46,"ar-2-46",5.692,-0.002,529.249,NA,NA,NA,NA,NA,NA,NA,NA,0.198374283757371,7.18,259.092548516469,11.7540202286927,40.1111073871325,3.82369253559924,0.00149494750815464,258.555870857441,237,216
"ar2_46m",2020-08-25,297,0.87,0.08,0.007,6.4,NA,21.8,NA,36.5,62.7,0.05,0.009,0.0461,53.7366666666667,0.0035,8.925,9.4665,0.48605,24.365,0.333133333333333,32.8666666666667,0.746466666666667,"ar",2,"46m",46,"ar-2-46",5.692,-0.002,529.249,NA,NA,NA,NA,NA,NA,NA,NA,0.198374283757371,7.18,257.574692492695,11.7628631346149,39.5472007738592,3.78780224328017,0.00149494750815549,257.036053194041,237,216
"ar2_47m",2020-08-25,314,1.05,0.05,0.007,6.4,6.6,22,NA,36.5,62.1,0,0.0051,0.04615,53.72,0.00495,8.898,9.4775,0.5833,24.205,0.355533333333333,33.454,0.849933333333333,"ar",2,"47m",47,"ar-2-47",5.68,-0.001,532.314,NA,NA,NA,NA,NA,NA,NA,NA,2,7.17,261.795184479951,11.7582118725731,51.8673467581428,5.06897599560334,0.00150236995983024,261.243796867532,237,248
"FukuNO2_1m",2020-09-01,NA,NA,NA,NA,NA,NA,0.08,NA,NA,NA,NA,0.04835,0.01345,1.83166666666667,0.0641,0.79385,0.7869,0.06755,2.448,0.0117,0.355866666666667,0.3152,"fukuno",2,"1m",1,"fukuno-2-1",18.844,8.224,24.927,NA,NA,NA,NA,NA,NA,NA,NA,0.189495133305623,6.11,6.28830939772396,1.3244685191073,0.157063990774256,0.0319042783766193,2.40562995434178e-06,6.61718156108606,244,0
"FukuNO2_1m",2020-09-01,NA,NA,NA,NA,NA,NA,0.08,NA,NA,NA,NA,0.04835,0.01345,1.83166666666667,0.0641,0.79385,0.7869,0.06755,2.448,0.0117,0.355866666666667,0.3152,"fukuno",2,"1m",1,"fukuno-2-1",18.844,8.224,24.927,NA,NA,NA,NA,NA,NA,NA,NA,0.189495133305623,6.11,74.3307195359709,4.30252335002712,0.931124998504842,0.118015270168286,2.40562995434178e-06,73.2920042889013,244,0
"FukuNO2_2m",2020-09-01,NA,NA,NA,NA,13.7,NA,0.6,NA,NA,NA,NA,0.05145,0.0131,1.84333333333333,0.09205,0.9585,0.78815,0.0871,2.5355,0.0133,0.399766666666667,0.343566666666667,"fukuno",2,"2m",2,"fukuno-2-2",17.507,6.998,26.659,NA,NA,NA,NA,NA,NA,NA,NA,0.245162367694843,5.33,31.6897872238754,2.39323879675696,0.376064845338292,0.0590489175138424,4.14663958258363e-06,31.3254853147393,244,0
"FukuNO2_2m",2020-09-01,NA,NA,NA,NA,13.7,NA,0.6,NA,NA,NA,NA,0.05145,0.0131,1.84333333333333,0.09205,0.9585,0.78815,0.0871,2.5355,0.0133,0.399766666666667,0.343566666666667,"fukuno",2,"2m",2,"fukuno-2-2",17.507,6.998,26.659,NA,NA,NA,NA,NA,NA,NA,NA,0.245162367694843,5.33,595.145609554068,22.4841813447861,144.368988047902,12.7753550547079,4.14663958257343e-06,591.346883334854,244,0
"FukuNO2_3m",2020-09-01,NA,NA,NA,NA,13.9,13.4,0.3,NA,NA,NA,NA,0.0502,0.01325,1.84966666666667,0.0797,0.87155,0.7865,0.0762,2.4935,0.00853333333333333,0.377133333333333,0.3299,"fukuno",2,"3m",3,"fukuno-2-3",11.67,0.395,42.866,NA,NA,NA,NA,NA,NA,NA,NA,0.547766819204145,5.6,31.6931595122966,2.53706252772851,0.420959938777097,0.0642693449553497,3.14544523330013e-06,31.3145009366865,244,33
"FukuNO2_3m",2020-09-01,NA,NA,NA,NA,13.9,13.4,0.3,NA,NA,NA,NA,0.0502,0.01325,1.84966666666667,0.0797,0.87155,0.7865,0.0762,2.4935,0.00853333333333333,0.377133333333333,0.3299,"fukuno",2,"3m",3,"fukuno-2-3",11.67,0.395,42.866,NA,NA,NA,NA,NA,NA,NA,NA,0.547766819204145,5.6,74.2066732431713,4.12279804843847,0.854789294348897,0.115946019049149,3.14544523328171e-06,73.2177158419931,244,33
"FukuNO2_3.5m",2020-09-01,NA,NA,NA,NA,13.5,14.5,7.1,NA,NA,NA,NA,0.06635,0.01215,3.917,0.55335,1.6585,0.84135,0.2509,2.3335,0.00913333333333333,4.63,0.6965,"fukuno",2,"3,5m",3.5,"fukuno-2-3.5",9.5,0.115,44.858,NA,NA,NA,NA,NA,NA,NA,NA,0.547766819204145,5.57,625.750805535377,24.2431115385735,142.168821130808,12.8510321300515,6.65116947167061e-05,624.406831912288,NA,NA
"FukuNO2_3.5m",2020-09-01,NA,NA,NA,NA,13.5,14.5,7.1,NA,NA,NA,NA,0.06635,0.01215,3.917,0.55335,1.6585,0.84135,0.2509,2.3335,0.00913333333333333,4.63,0.6965,"fukuno",2,"3,5m",3.5,"fukuno-2-3.5",9.5,0.115,44.858,NA,NA,NA,NA,NA,NA,NA,NA,0.547766819204145,5.57,744.298209207473,27.8017695655384,232.827929023717,19.7188521848798,6.65116947167196e-05,742.717469148081,NA,NA
"FukuNO2_4m",2020-09-01,NA,NA,NA,NA,15,NA,9.4,NA,NA,NA,NA,0.07165,0.012,4.076,0.73195,1.8145,0.8781,0.27305,2.3535,0.0111,7.518,0.911233333333333,"fukuno",2,"4m",4,"fukuno-2-4",8.249,0.043,57.116,NA,NA,NA,NA,NA,NA,NA,NA,2,5.54,769.506782765439,28.5964275209927,239.777370884985,20.4902263176263,8.03176757725581e-05,768.179572087123,244,182
"FukuNO2_4m",2020-09-01,NA,NA,NA,NA,15,NA,9.4,NA,NA,NA,NA,0.07165,0.012,4.076,0.73195,1.8145,0.8781,0.27305,2.3535,0.0111,7.518,0.911233333333333,"fukuno",2,"4m",4,"fukuno-2-4",8.249,0.043,57.116,NA,NA,NA,NA,NA,NA,NA,NA,2,5.54,NA,NA,NA,NA,8.03176757725695e-05,NA,244,182
"FukuSW2_1m",2020-09-01,NA,NA,NA,NA,43.3,NA,1.9,NA,NA,NA,NA,0.3128,0.0126,3.73833333333333,0.608175,0.54055,0.96755,0.13085,2.8665,0.0357666666666667,1.63633333333333,0.0682666666666667,"fukusw",2,"1m",1,"fukusw-2-1",17.197,4.787,53.949,NA,NA,NA,NA,NA,NA,NA,NA,0.189495133305623,4.34,180.410943151945,8.25685795066108,1.15905432991938,0.145030748923689,1.43991667544008e-06,178.407710633253,244,0
"FukuSW2_1m",2020-09-01,NA,NA,NA,NA,43.3,NA,1.9,NA,NA,NA,NA,0.3128,0.0126,3.73833333333333,0.608175,0.54055,0.96755,0.13085,2.8665,0.0357666666666667,1.63633333333333,0.0682666666666667,"fukusw",2,"1m",1,"fukusw-2-1",17.197,4.787,53.949,NA,NA,NA,NA,NA,NA,NA,NA,0.189495133305623,4.34,171.838635253869,7.99636135623411,1.1214914964809,0.139382912566264,1.43991667543008e-06,169.931870259787,244,0
"FukuSW2_2m",2020-09-01,NA,NA,NA,NA,42.1,NA,2.3,NA,NA,NA,NA,0.31565,0.01245,3.69166666666667,0.6603,0.4853,0.9475,0.12865,2.7435,0.0505666666666667,1.78633333333333,0.2158,"fukusw",2,"2m",2,"fukusw-2-2",15.767,1.955,47.478,NA,NA,NA,NA,NA,NA,NA,NA,0.245162367694843,4.77,227.172933277665,10.1016617529937,10.6539053954414,1.12356792406748,4.45083873252423e-06,224.974452910487,244,0
"FukuSW2_2m",2020-09-01,NA,NA,NA,NA,42.1,NA,2.3,NA,NA,NA,NA,0.31565,0.01245,3.69166666666667,0.6603,0.4853,0.9475,0.12865,2.7435,0.0505666666666667,1.78633333333333,0.2158,"fukusw",2,"2m",2,"fukusw-2-2",15.767,1.955,47.478,NA,NA,NA,NA,NA,NA,NA,NA,0.245162367694843,4.77,449.739423052723,19.0718926761304,55.0851295108857,5.20626830266318,4.45083873253307e-06,446.442884607266,244,0
"FukuSW2_2.5m",2020-09-01,NA,NA,NA,NA,49.1,40.2,4,NA,NA,NA,NA,0.3336,0.01235,4.698,0.749625,0.65365,0.93725,0.1302,2.79,0.0835333333333333,4.48433333333333,0.656833333333333,"fukusw",2,"2,5m",2.5,"fukusw-2-2.5",13.185,0.539,48.656,NA,NA,NA,NA,NA,NA,NA,NA,0.245162367694843,4.78,453.147693510167,17.7597808338415,53.7925426555577,4.95005473586698,7.3972623975899e-06,450.02443488384,NA,NA
"FukuSW2_2.5m",2020-09-01,NA,NA,NA,NA,49.1,40.2,4,NA,NA,NA,NA,0.3336,0.01235,4.698,0.749625,0.65365,0.93725,0.1302,2.79,0.0835333333333333,4.48433333333333,0.656833333333333,"fukusw",2,"2,5m",2.5,"fukusw-2-2.5",13.185,0.539,48.656,NA,NA,NA,NA,NA,NA,NA,NA,0.245162367694843,4.78,465.612550445204,18.6329760844332,64.4510915883919,5.86225817832856,7.39726239757879e-06,462.453985886358,NA,NA
"FukuSW2_3m",2020-09-01,NA,NA,NA,NA,40.9,45.6,4.2,NA,NA,NA,NA,0.341,0.012,4.282,0.7735,0.69065,0.94285,0.13085,2.736,0.0952666666666667,5.35366666666667,0.813433333333333,"fukusw",2,"3m",3,"fukusw-2-3",11.022,0.161,50.573,NA,NA,NA,NA,NA,NA,NA,NA,0.547766819204145,4.78,383.322048304968,15.9193929319612,50.9075134155017,4.92825918044788,7.33547192967514e-06,380.653407359878,244,33
"FukuSW2_3m",2020-09-01,NA,NA,NA,NA,40.9,45.6,4.2,NA,NA,NA,NA,0.341,0.012,4.282,0.7735,0.69065,0.94285,0.13085,2.736,0.0952666666666667,5.35366666666667,0.813433333333333,"fukusw",2,"3m",3,"fukusw-2-3",11.022,0.161,50.573,NA,NA,NA,NA,NA,NA,NA,NA,0.547766819204145,4.78,6.75272222091001,1.37536035926755,0.153684138709467,0.0309226533173663,7.33547192969226e-06,6.93698866471988,244,33
"FukuSW2_4m",2020-09-01,NA,NA,NA,NA,44.7,NA,2.6,NA,NA,NA,NA,0.33845,0.01225,3.955,0.742275,0.6244,0.94515,0.12915,2.803,0.0827333333333333,3.67266666666667,0.541033333333333,"fukusw",2,"4m",4,"fukusw-2-4",8.328,0.024,59.215,NA,NA,NA,NA,NA,NA,NA,NA,2,4.89,376.600202573303,14.9380443243027,52.0256814249804,4.91229178301059,5.41505803027855e-06,373.827491403754,244,182
"FukuSW2_4m",2020-09-01,NA,NA,NA,NA,44.7,NA,2.6,NA,NA,NA,NA,0.33845,0.01225,3.955,0.742275,0.6244,0.94515,0.12915,2.803,0.0827333333333333,3.67266666666667,0.541033333333333,"fukusw",2,"4m",4,"fukusw-2-4",8.328,0.024,59.215,NA,NA,NA,NA,NA,NA,NA,NA,2,4.89,468.814191988016,18.659094312332,63.9124411086479,5.85299973744759,5.4150580302753e-06,465.695087177314,244,182
"sc-2_1m",2020-09-02,NA,NA,NA,NA,NA,NA,NA,NA,NA,NA,NA,0.00495,0.03405,53.7133333333333,0.00245,2.5675,9.146,0.00245,16.11,0.00883333333333333,24.3866666666667,0.463633333333333,"sc",2,"_1m",1,"sc-2-1",20.259,7.837,410.875,NA,NA,NA,NA,NA,NA,NA,NA,0.116899552696514,8.1,36.6170631367908,2.63351820139921,0.607159803738064,0.0841707631811633,NA,NA,NA,NA
"sc-2_1m",2020-09-02,NA,NA,NA,NA,NA,NA,NA,NA,NA,NA,NA,0.00495,0.03405,53.7133333333333,0.00245,2.5675,9.146,0.00245,16.11,0.00883333333333333,24.3866666666667,0.463633333333333,"sc",2,"_1m",1,"sc-2-1",20.259,7.837,410.875,NA,NA,NA,NA,NA,NA,NA,NA,0.116899552696514,8.1,35.6679178233717,2.52706437339497,0.637240778124392,0.0875504597755171,NA,NA,NA,NA
"sc-2_8.5m",2020-09-02,NA,NA,NA,NA,NA,NA,NA,NA,NA,NA,NA,0.00765,0.03365,55.0166666666667,0.0053,2.6775,9.2885,0.00205,16.49,0.0089,24.1733333333333,0.4618,"sc",2,"_8.5m",8.5,"sc-2-8.5",20.127,7.628,413.429,NA,NA,NA,NA,NA,NA,NA,NA,0.0717239433195806,7.71,41.4450671766086,2.8988516891392,0.764307055577687,0.102673851073893,NA,NA,NA,NA
"sc-2_8.5m",2020-09-02,NA,NA,NA,NA,NA,NA,NA,NA,NA,NA,NA,0.00765,0.03365,55.0166666666667,0.0053,2.6775,9.2885,0.00205,16.49,0.0089,24.1733333333333,0.4618,"sc",2,"_8.5m",8.5,"sc-2-8.5",20.127,7.628,413.429,NA,NA,NA,NA,NA,NA,NA,NA,0.0717239433195806,7.71,40.9334339310527,2.73679118664861,0.743806058103415,0.0955907977337215,NA,NA,NA,NA
"sc-2_12m",2020-09-02,NA,NA,NA,NA,NA,NA,NA,NA,NA,NA,NA,0.00535,0.0326,61.1933333333333,0.0041,2.83,9.02,0.8589,15.805,0.174033333333333,23.3666666666667,1.37666666666667,"sc",2,"_12m",12,"sc-2-12",11.672,0.019,464.829,NA,NA,NA,NA,NA,NA,NA,NA,0.0680297056664956,7.4,186.816339804582,9.05691805622483,17.651789875622,1.80789721575594,NA,NA,245,166
"sc-2_12m",2020-09-02,NA,NA,NA,NA,NA,NA,NA,NA,NA,NA,NA,0.00535,0.0326,61.1933333333333,0.0041,2.83,9.02,0.8589,15.805,0.174033333333333,23.3666666666667,1.37666666666667,"sc",2,"_12m",12,"sc-2-12",11.672,0.019,464.829,NA,NA,NA,NA,NA,NA,NA,NA,0.0680297056664956,7.4,188.882526327804,8.93530278369045,18.0097025248346,1.83037032953212,NA,NA,245,166
"sc-2_15m",2020-09-02,NA,NA,NA,NA,NA,NA,NA,NA,NA,NA,NA,0.009,0.0322,61.5133333333333,0.0252,2.8495,9.054,0.9918,15.775,0.193533333333333,23.48,1.46933333333333,"sc",2,"_15m",15,"sc-2-15",10.045,-0.002,470.175,NA,NA,NA,NA,NA,NA,NA,NA,0.0706209492688893,7.31,198.366520336733,9.15547307385509,31.1668504641429,3.1152411974523,NA,NA,245,168
"sc-2_15m",2020-09-02,NA,NA,NA,NA,NA,NA,NA,NA,NA,NA,NA,0.009,0.0322,61.5133333333333,0.0252,2.8495,9.054,0.9918,15.775,0.193533333333333,23.48,1.46933333333333,"sc",2,"_15m",15,"sc-2-15",10.045,-0.002,470.175,NA,NA,NA,NA,NA,NA,NA,NA,0.0706209492688893,7.31,196.686485520969,9.39747165072058,30.4579705704876,3.01856541756613,NA,NA,245,168
"sc-2_20m",2020-09-02,NA,NA,NA,NA,NA,NA,NA,NA,NA,NA,NA,0.01,0.0319,62.12,0.037,2.841,8.964,1.041,15.76,0.260033333333333,24.0366666666667,1.69833333333333,"sc",2,"_20m",20,"sc-2-20",8.841,-0.005,475.908,NA,NA,NA,NA,NA,NA,NA,NA,0.0896744695269893,7.29,219.590465162563,9.87970015428299,61.2917184320254,5.63675538311111,NA,NA,245,191
"sc-2_20m",2020-09-02,NA,NA,NA,NA,NA,NA,NA,NA,NA,NA,NA,0.01,0.0319,62.12,0.037,2.841,8.964,1.041,15.76,0.260033333333333,24.0366666666667,1.69833333333333,"sc",2,"_20m",20,"sc-2-20",8.841,-0.005,475.908,NA,NA,NA,NA,NA,NA,NA,NA,0.0896744695269893,7.29,222.62957479826,10.3533418770569,62.4218351492874,5.78818429662919,NA,NA,245,191
"sc-2_25m",2020-09-02,NA,NA,NA,NA,NA,NA,NA,NA,NA,NA,NA,0.00555,0.03245,61.5566666666667,0.03415,2.899,9.0895,1.161,15.81,0.312566666666667,24.62,1.964,"sc",2,"_25m",25,"sc-2-25",8.365,-0.009,480.3,NA,NA,NA,NA,NA,NA,NA,NA,0.18194941031293,7.26,247.149181408585,11.0079813104393,92.0322560030112,8.21985853398792,NA,NA,245,239
"sc-2_25m",2020-09-02,NA,NA,NA,NA,NA,NA,NA,NA,NA,NA,NA,0.00555,0.03245,61.5566666666667,0.03415,2.899,9.0895,1.161,15.81,0.312566666666667,24.62,1.964,"sc",2,"_25m",25,"sc-2-25",8.365,-0.009,480.3,NA,NA,NA,NA,NA,NA,NA,NA,0.18194941031293,7.26,247.573115357754,10.9416955443228,89.8360431864749,8.18978513884536,NA,NA,245,239
"sc-2_26m",2020-09-02,NA,NA,NA,NA,NA,NA,NA,NA,NA,NA,NA,0.009,0.03215,62.8433333333333,0.03325,2.9175,9.085,1.1905,15.945,0.324666666666667,30.8966666666667,2.03033333333333,"sc",2,"_26m",26,"sc-2-26",8.335,-0.009,480.493,NA,NA,NA,NA,NA,NA,NA,NA,0.24748638596534,7.25,260.997952086381,11.5513655792046,102.934620772854,9.24732239655622,NA,NA,245,252
"sc-2_26m",2020-09-02,NA,NA,NA,NA,NA,NA,NA,NA,NA,NA,NA,0.009,0.03215,62.8433333333333,0.03325,2.9175,9.085,1.1905,15.945,0.324666666666667,30.8966666666667,2.03033333333333,"sc",2,"_26m",26,"sc-2-26",8.335,-0.009,480.493,NA,NA,NA,NA,NA,NA,NA,NA,0.24748638596534,7.25,257.239123358902,11.3505485043003,98.9482489831835,8.69876808389715,NA,NA,245,252
"sc-2_27m",2020-09-02,NA,NA,NA,NA,NA,NA,NA,NA,NA,NA,NA,0.01,0.0323,61.69,0.0359,2.8655,9.0975,1.184,15.73,0.321666666666667,27.0366666666667,2.013,"sc",2,"_27m",27,"sc-2-27",8.318,-0.008,481.259,NA,NA,NA,NA,NA,NA,NA,NA,0.405925030955481,7.25,254.898445440654,11.0989092134591,100.961530314937,9.13508877747358,NA,NA,245,266
